playerID,nameFirst,nameLast,Age,Height_Inches,weight,bats
adamewi01,Willy,Adames,28,72,210,R
stoweky01,Kyle,Stowers,25,75,200,L
alvared01,Eddy,Alvarez,33,69,185,L
escoblu01,Luis,Escobar,27,73,205,R
koernbr01,Brody,Koerner,30,74,220,R
speiega01,Gabe,Speier,28,71,200,L
wisdopa01,Patrick,Wisdom,32,74,220,R
francty01,Ty,France,29,71,215,R
mailelu01,Luke,Maile,32,75,225,R
simslu01,Lucas,Sims,29,74,225,R
arandjo01,Jonathan,Aranda,25,72,210,L
sheffjo01,Jordan,Sheffield,28,70,190,R
ciuffni01,Nick,Ciuffo,28,72,205,L
shawami01,Mike,Shawaryn,29,74,240,R
fishena01,Nate,Fisher,27,73,209,L
cessalu01,Luis,Cessa,31,72,208,R
cabremi01,Miguel,Cabrera,40,76,267,R
ramiryo01,Yohan,Ramirez,28,76,212,R
whiteel04,Eli,White,29,75,195,R
whiteaa01,Aaron,Whitefield,27,76,210,R
boltsk01,Skye,Bolt,29,74,180,B
bourjpe01,Peter,Bourjos,36,73,190,R
haderjo01,Josh,Hader,29,75,180,L
weissgr01,Greg,Weissert,28,74,215,R
palumjo01,Joe,Palumbo,29,72,195,L
waltodo01,Donovan,Walton,29,70,190,L
thompza01,Zach,Thompson,30,79,250,R
herrero02,Rosell,Herrera,31,75,180,B
diazyu01,Yusniel,Diaz,27,73,215,R
rojasmi02,Miguel,Rojas,34,72,188,R
bundydy01,Dylan,Bundy,31,73,225,B
realmjt01,J. T.,Realmuto,32,73,212,R
crismna01,Nabil,Crismatt,29,73,220,R
craigwi01,Will,Craig,29,75,235,R
sianimi01,Michael,Siani,24,73,188,L
magilma01,Matt,Magill,34,75,210,R
hamilbi02,Billy,Hamilton,33,72,160,B
perdoge01,Geraldo,Perdomo,24,74,203,B
bakerbr01,Bryan,Baker,29,78,245,R
gaddihu01,Hunter,Gaddis,25,78,260,R
santito01,Tony,Santillan,26,75,240,R
reynoma03,Matt,Reynolds,33,73,210,R
garcija04,Jarlin,Garcia,30,75,210,L
tsutsyo01,Yoshi,Tsutsugo,32,73,225,L
lucchjo01,Joey,Lucchesi,30,77,225,L
vogelda01,Dan,Vogelbach,31,72,270,L
burgeja01,Jake,Burger,27,74,230,R
bauerja01,Jake,Bauers,28,73,195,L
thompza02,Zack,Thompson,26,74,215,L
stewadj01,DJ,Stewart,30,72,210,L
perezfr01,Francisco,Perez,26,74,217,B
maydu01,Dustin,May,26,78,180,R
gormano01,Nolan,Gorman,23,73,210,L
wittgni01,Nick,Wittgren,32,74,216,R
dazayo01,Yonathan,Daza,29,74,207,R
swihabl01,Blake,Swihart,31,72,185,B
waldike01,Ken,Waldichuk,25,76,220,L
johnspi01,Pierce,Johnson,32,74,202,R
edwarjo02,Jon,Edwards,35,77,240,R
naileja01,James,Naile,30,76,185,R
olsonma02,Matt,Olson,29,77,225,L
stephty01,Tyler,Stephenson,27,76,225,R
lewicar01,Artie,Lewicki,31,75,195,R
guentse01,Sean,Guenther,28,71,194,L
estraje01,Jeremiah,Estrada,25,73,180,B
pearsna01,Nate,Pearson,27,78,255,R
castrja01,Jason,Castro,36,75,215,L
alvarjo03,Jose,Alvarado,28,72,240,L
kozmape01,Pete,Kozma,35,72,190,R
reynoma01,Mark,Reynolds,40,74,220,R
adamsri03,Riley,Adams,27,76,249,R
middlke01,Keynan,Middleton,30,75,215,R
knighdu01,Dusten,Knight,33,72,200,R
wislema01,Matt,Wisler,31,75,215,R
martiri01,Richie,Martin,29,72,190,R
dalbebo01,Bobby,Dalbec,28,76,227,R
wesneha01,Hayden,Wesneski,26,75,210,R
frareca01,Caleb,Frare,30,72,225,L
carroco01,Cody,Carroll,31,77,230,R
cortene01,Nestor,Cortes,29,71,210,R
arozara01,Randy,Arozarena,28,71,185,R
torreca01,Carlos,Torres,41,73,180,R
allenau01,Austin,Allen,29,74,219,L
cainlo01,Lorenzo,Cain,37,74,214,R
edwarca01,Carl,Edwards,32,75,170,R
rodriju01,Julio,Rodriguez,23,75,228,R
sheetga01,Gavin,Sheets,27,77,230,L
noesihe01,Hector,Noesi,36,76,220,R
dawsoro01,Ronnie,Dawson,28,74,217,L
vargail01,Ildemaro,Vargas,32,72,180,B
santaan02,Anthony,Santander,29,74,235,B
flexech01,Chris,Flexen,29,75,219,R
aguilry01,Ryan,Aguilar,29,74,168,L
iannech01,Chris,Iannetta,40,72,230,R
garcide02,Dermis,Garcia,25,75,200,R
sanchsi01,Sixto,Sanchez,25,72,234,R
varshda01,Daulton,Varsho,27,70,207,L
alvarjo02,Jose,Alvarez,34,71,195,L
chapmar01,Aroldis,Chapman,35,76,218,L
kelleky01,Kyle,Keller,30,76,205,R
flynnbr01,Brian,Flynn,33,80,245,L
menezco01,Conner,Menez,28,74,207,L
friedtj01,TJ,Friedl,28,70,180,L
hernama02,Marco,Hernandez,31,72,210,L
matzst01,Steven,Matz,32,74,201,R
sandopa02,Patrick,Sandoval,27,75,190,L
brennwi02,Will,Brennan,25,72,200,L
jamesdr01,Drey,Jameson,26,72,165,R
lowena01,Nathaniel,Lowe,28,76,220,L
hjellse01,Sean,Hjelle,26,83,228,R
allenlo01,Logan,Allen,26,75,200,R
wendejb01,J. B.,Wendelken,30,73,242,R
ramirer02,Erasmo,Ramirez,33,72,217,R
conlead01,Adam,Conley,33,75,209,L
barneja01,Jacob,Barnes,33,74,231,R
weissza01,Zack,Weiss,31,75,210,R
higasky01,Kyle,Higashioka,33,73,202,R
coveydy01,Dylan,Covey,32,73,215,R
moranco01,Colin,Moran,31,76,225,L
trejoal01,Alan,Trejo,27,74,205,R
wilsobo02,Bobby,Wilson,40,72,230,R
kinlety01,Tyler,Kinley,32,76,220,R
lakintr01,Travis,Lakins,29,73,220,R
rosentr01,Trevor,Rosenthal,33,74,230,R
zabalan01,Aneurys,Zabala,27,75,259,R
stridsp01,Spencer,Strider,25,72,195,R
severpe01,Pedro,Severino,30,73,235,R
hummeco01,Cooper,Hummel,29,70,198,B
martijo08,Jose,Martinez,35,78,215,R
klubeco01,Corey,Kluber,37,76,215,R
abadfe01,Fernando,Abad,38,74,235,L
stockro01,Robert,Stock,34,73,214,L
foleyja01,Jason,Foley,28,76,215,R
garcigr01,Greg,Garcia,34,72,200,L
grayso01,Sonny,Gray,34,70,195,R
blackpa01,Paul,Blackburn,30,73,196,R
feyerjo01,J. P.,Feyereisen,30,74,215,R
rizzoan01,Anthony,Rizzo,34,75,240,L
llovema01,Mauricio,Llovera,27,71,224,R
biggica01,Cavan,Biggio,28,74,200,L
garcilu03,Luis,Garcia,36,74,240,R
hendrli01,Liam,Hendriks,34,72,235,R
machaan02,Andres,Machado,30,72,235,R
rengilu01,Luis,Rengifo,26,70,195,B
hillri01,Rich,Hill,43,77,221,L
sanchcr01,Cristopher,Sanchez,27,73,165,L
forsylo01,Logan,Forsythe,36,73,195,R
flaheja01,Jack,Flaherty,28,76,225,R
jonesja07,JaCoby,Jones,31,74,211,R
ollerad01,Adam,Oller,29,76,225,R
fletcda02,David,Fletcher,29,69,185,R
schmicl01,Clarke,Schmidt,27,73,200,R
buterdr01,Drew,Butera,40,73,212,R
parkho01,Hoy,Park,27,73,200,L
gonzagi01,Gio,Gonzalez,38,72,205,R
haleda02,David,Hale,36,74,210,R
webbty01,Tyler,Webb,33,77,240,L
wojcias01,Asher,Wojciechowski,35,76,235,R
beerse01,Seth,Beer,27,75,213,L
kickhmi01,Mike,Kickham,35,76,220,L
ponceco01,Cody,Ponce,29,78,255,R
bohmal01,Alec,Bohm,27,77,218,R
smithch10,Chad,Smith,28,76,200,R
hugheja02,Jared,Hughes,38,79,240,R
wilsoco01,Cody,Wilson,27,74,200,R
wagueja01,Jacob,Waguespack,30,78,235,R
tapiado01,Domingo,Tapia,32,75,263,R
rodrijo06,Jose,Rodriguez,28,74,210,R
matzety01,Tyler,Matzek,33,75,230,L
waiteco01,Cole,Waites,25,75,180,R
gyorkje01,Jedd,Gyorko,35,70,205,R
longsh01,Shed,Long,28,68,184,L
faedoal01,Alex,Faedo,28,77,225,R
rossjo01,Joe,Ross,30,76,232,R
anderco01,Cody,Anderson,33,76,240,R
mccorch01,Chas,McCormick,28,72,208,R
renfrhu01,Hunter,Renfroe,31,73,230,R
greench03,Chad,Green,32,75,215,L
riverfe01,Felipe,Vazquez,32,74,225,L
nelsoni01,Nick,Nelson,28,73,205,R
waterdr01,Drew,Waters,25,74,185,B
hiurake01,Keston,Hiura,27,72,202,R
dysonja01,Jarrod,Dyson,39,69,165,L
winkeje01,Jesse,Winker,30,75,215,L
tovarwi01,Wilfredo,Tovar,32,67,180,R
perezol01,Oliver,Perez,42,75,225,L
soriajo01,Joakim,Soria,39,75,205,R
lowebr01,Brandon,Lowe,29,70,185,L
ogandcr01,Cristofer,Ogando,30,75,195,R
burdipe01,Peyton,Burdick,26,72,205,R
mannima01,Matt,Manning,25,78,195,R
merceye01,Yermin,Mercedes,30,71,245,R
walkest01,Steele,Walker,27,71,209,L
diazya01,Yandy,Diaz,32,74,215,R
severan01,Anderson,Severino,29,70,190,L
fernajo04,Jose,Fernandez,30,75,170,L
brothre01,Rex,Brothers,36,72,205,L
rominau01,Austin,Romine,35,73,216,R
peralwa01,Wandy,Peralta,32,72,227,L
austity01,Tyler,Austin,32,74,220,R
gillu01,Luis,Gil,25,74,185,R
adamsma01,Matt,Adams,35,75,245,L
bettial01,Alec,Bettinger,28,74,210,R
kolarad01,Adam,Kolarek,34,75,215,L
tilsoch01,Charlie,Tilson,31,71,190,L
thorntr01,Trent,Thornton,30,72,190,R
workmbr01,Brandon,Workman,35,77,235,R
proctfo01,Ford,Proctor,27,73,195,L
reidfse01,Sean,Reid-Foley,28,74,235,R
kennebu01,Buddy,Kennedy,25,73,190,R
bickfph01,Phil,Bickford,28,76,200,R
hartmry01,Ryan,Hartman,29,75,234,L
diehlph01,Phillip,Diehl,29,74,169,L
bushma01,Matt,Bush,37,69,180,R
delosen01,Enyel,De Los Santos,28,75,235,R
wongke01,Kean,Wong,28,69,189,L
alberma01,Matt,Albers,40,73,225,L
weigepa01,Patrick,Weigel,29,78,240,R
dickeal01,Alex,Dickerson,33,74,226,L
leeev01,Evan,Lee,26,73,210,L
jankotr01,Travis,Jankowski,32,75,183,L
harrimo01,Monte,Harrison,28,75,225,R
taverle01,Leody,Taveras,25,74,195,B
ramoshe01,Henry,Ramos,31,72,215,B
rosenke01,Kenny,Rosenberg,28,73,195,L
barnhtu01,Tucker,Barnhart,32,71,192,B
heasljo01,Jonathan,Heasley,26,75,225,R
schroma01,Max,Schrock,29,69,185,L
hollade01,Derek,Holland,37,74,223,B
torkesp01,Spencer,Torkelson,24,73,220,R
uptonju01,Justin,Upton,36,73,215,R
muzzisi01,Simon,Muzziotti,25,73,175,L
castehu01,Humberto,Castellanos,25,71,222,R
fishede01,Derek,Fisher,30,75,215,L
crawfbr01,Brandon,Crawford,36,73,223,L
eibnebr01,Brett,Eibner,35,76,215,R
rortvbe01,Ben,Rortvedt,26,70,205,L
germado01,Domingo,German,31,74,181,R
anderta01,Tanner,Anderson,30,74,203,R
acunaro01,Ronald,Acuna,26,72,205,R
duronni01,Nick,Duron,27,76,190,R
carlsdy01,Dylan,Carlson,25,74,205,B
candeje01,Jeimer,Candelario,30,73,216,B
morrico01,Cody,Morris,27,76,205,R
kinghni01,Nick,Kingham,32,77,235,R
gallaca01,Cam,Gallagher,31,75,230,R
bartjo01,Joey,Bart,27,74,238,R
richaga01,Garrett,Richards,35,74,210,R
popza01,Zach,Pop,27,76,220,R
lucasjo02,Josh,Lucas,33,78,185,R
urquijo01,Jose,Urquidy,28,72,217,R
wallach01,Chad,Wallach,32,74,246,R
carpery01,Ryan,Carpenter,33,77,230,L
daviswa01,Wade,Davis,38,77,225,R
yanghy01,Hyeon-jong,Yang,35,72,200,L
claudal01,Alex,Claudio,31,75,187,L
perezmi03,Michael,Perez,31,70,195,L
sittibr01,Brandyn,Sittinger,29,73,200,R
beckhti01,Tim,Beckham,33,72,215,R
jacksan01,Andre,Jackson,27,75,210,R
widenta01,Taylor,Widener,29,72,203,L
garzara01,Ralph,Garza,29,74,220,R
sprinje01,Jeffrey,Springs,31,75,218,L
barnema01,Matt,Barnes,33,76,208,R
rondojo02,Jose,Rondon,29,73,215,R
haaseer01,Eric,Haase,31,70,210,R
deichgr01,Greg,Deichmann,28,74,205,L
eovalna01,Nathan,Eovaldi,33,74,217,R
berrijo01,Jose,Berrios,29,72,205,R
barrija01,Jaime,Barria,27,73,210,R
brogdco01,Connor,Brogdon,28,78,205,R
wadety01,Tyler,Wade,29,73,188,L
jackslu01,Luke,Jackson,32,74,210,R
crowewi01,Wil,Crowe,29,74,245,R
ramirjo01,Jose,Ramirez,31,69,190,B
bettsmo01,Mookie,Betts,31,69,180,R
finneky01,Kyle,Finnegan,32,74,197,R
verhadr01,Drew,VerHagen,33,78,230,R
puellce01,Cesar,Puello,32,74,220,R
tomasya01,Yasmany,Tomas,33,74,260,R
braymbe01,Ben,Braymer,29,74,212,L
pasquvi01,Vinnie,Pasquantino,26,76,245,L
bouchse01,Sean,Bouchard,27,75,215,R
meansjo01,John,Means,30,75,235,L
chenwe02,Wei-Yin,Chen,38,72,200,R
morgael01,Eli,Morgan,27,70,190,R
ramirha01,Hanley,Ramirez,40,74,235,R
tropeni01,Nick,Tropeano,33,76,205,R
bellobr01,Brayan,Bello,24,73,170,R
anderia01,Ian,Anderson,25,75,170,R
willini01,Nick,Williams,30,75,215,L
steckdr01,Drew,Steckenrider,32,76,235,R
cervefr01,Francisco,Cervelli,37,72,220,R
owenhu01,Hunter,Owen,30,71,200,R
anderti01,Tim,Anderson,30,73,185,R
hoskirh01,Rhys,Hoskins,30,76,245,R
bogaexa01,Xander,Bogaerts,31,74,218,R
pannoth01,Thomas,Pannone,29,73,205,L
santoan02,Antonio,Santos,27,75,233,R
kelletr01,Trevor,Kelley,31,74,210,R
morrilo01,Logan,Morrison,36,75,245,L
briceau01,Austin,Brice,31,76,238,R
crochga01,Garrett,Crochet,24,78,230,L
guerrja02,Javy,Guerra,28,72,185,L
capelco01,Conner,Capel,26,73,185,L
laurera01,Ramon,Laureano,29,71,203,R
brasiry01,Ryan,Brasier,36,72,227,R
fordmi01,Mike,Ford,31,72,225,L
winklda01,Dan,Winkler,33,75,205,R
vestwi01,Will,Vest,28,72,180,R
nunezed02,Eduardo,Nunez,36,72,195,R
hernace02,Cesar,Hernandez,33,70,183,B
roberlu01,Luis,Robert,26,74,220,R
wendljo01,Joey,Wendle,33,73,195,L
woodfja01,Jake,Woodford,27,76,215,R
clemeer01,Ernie,Clement,27,72,170,R
sanchaa01,Aaron,Sanchez,31,76,212,R
howarsa01,Sam,Howard,30,76,195,R
kahnlto01,Tommy,Kahnle,34,73,230,R
cousija01,Jake,Cousins,29,76,185,R
goodyni01,Nick,Goody,32,71,200,R
schwifr01,Frank,Schwindel,31,73,220,R
lamarry01,Ryan,LaMarre,35,73,215,R
sampsad01,Adrian,Sampson,32,74,210,R
leblach01,Charles,Leblanc,27,75,195,R
schlibr01,Brian,Schlitter,38,75,238,R
dobnara01,Randy,Dobnak,28,73,230,R
romerto01,Tommy,Romero,26,74,225,R
swanser01,Erik,Swanson,30,75,222,R
espinsa01,Santiago,Espinal,29,70,187,R
giolilu01,Lucas,Giolito,29,78,245,R
naylobo01,Bo,Naylor,23,72,205,L
mcguire01,Reese,McGuire,28,72,218,L
guzmajo04,Jorge,Guzman,27,73,246,R
galvifr01,Freddy,Galvis,34,70,190,B
aguilje01,Jesus,Aguilar,33,75,277,R
mazzach01,Chris,Mazza,34,76,190,R
johnsda07,Daniel,Johnson,28,70,200,L
willima07,Mason,Williams,32,73,195,L
raganco01,Cole,Ragans,26,76,190,L
bailebr01,Brandon,Bailey,29,70,195,R
torrero01,Ronald,Torreyes,31,68,155,R
coopega03,Garrett,Cooper,33,77,235,R
buttojo01,Jose,Butto,25,73,206,R
mccanbr01,Brian,McCann,39,75,225,L
stouter01,Eric,Stout,30,75,205,L
bourqja01,James,Bourque,30,76,215,R
hartdo01,Donnie,Hart,33,71,180,L
lopezal03,Alejo,Lopez,27,70,170,B
mejiafr01,Francisco,Mejia,28,68,188,B
freemty01,Tyler,Freeman,24,72,190,R
bishobr01,Braden,Bishop,30,73,178,R
millebr02,Brad,Miller,34,74,195,L
drakeol01,Oliver,Drake,36,76,220,R
spitzsh01,Shea,Spitzbarth,29,73,215,R
mccarki01,Kirk,McCarty,28,68,185,L
wardta01,Taylor,Ward,30,73,200,R
borucry01,Ryan,Borucki,29,76,210,L
ashcrgr01,Graham,Ashcraft,25,74,240,L
goinsry01,Ryan,Goins,35,70,180,L
manaese01,Sean,Manaea,31,77,245,R
zuninmi01,Mike,Zunino,32,74,235,R
wallnma01,Matt,Wallner,26,77,220,L
culbech01,Charlie,Culberson,34,73,200,R
quintjo01,Jose,Quintana,34,73,220,R
burkebr01,Brock,Burke,27,76,210,L
ramoshe02,Heliot,Ramos,24,73,188,R
birdgr01,Greg,Bird,31,75,220,L
wheelza01,Zack,Wheeler,33,76,195,L
perezhe01,Hernan,Perez,32,73,213,R
skubata01,Tarik,Skubal,27,75,240,R
lambepe01,Peter,Lambert,26,74,208,R
blancda02,Dairon,Blanco,30,72,170,R
valerbr01,Breyvic,Valera,31,71,190,B
vesiaal01,Alex,Vesia,27,73,209,L
ryuhy01,Hyun Jin,Ryu,36,75,250,R
leakemi01,Mike,Leake,36,70,165,R
allarko01,Kolby,Allard,26,73,195,L
delayja01,Jason,Delay,28,71,200,R
garream01,Amir,Garrett,31,77,239,R
sharpst01,Sterling,Sharp,28,75,182,R
blackra01,Ray,Black,33,75,230,R
hahnje01,Jesse,Hahn,34,77,205,R
mccauda01,Darren,McCaughan,27,73,200,R
lailbr01,Brady,Lail,30,74,200,R
raleybr01,Brooks,Raley,35,75,200,L
mckinza01,Zach,McKinstry,28,72,180,L
toglimi01,Michael,Toglia,25,77,226,B
andrejo03,John,Andreoli,33,73,218,R
morenga01,Gabriel,Moreno,23,71,195,R
grovemi01,Michael,Grove,27,75,200,R
blevije01,Jerry,Blevins,40,76,182,L
dysonsa01,Sam,Dyson,35,73,212,R
leblawa01,Wade,LeBlanc,39,74,195,L
brookaa01,Aaron,Brooks,33,76,230,R
onajo01,Jorge,Ona,27,72,235,R
despaod01,Odrisamer,Despaigne,36,72,200,R
suwinja01,Jack,Suwinski,25,74,215,L
felizmi01,Michael,Feliz,30,76,250,R
bledajj01,JJ,Bleday,26,75,205,L
gartory01,Ryan,Garton,34,70,190,R
santihe01,Hector,Santiago,36,72,215,R
brebbjo01,John,Brebbia,33,73,200,L
thompma02,Mason,Thompson,25,78,236,R
zimmery01,Ryan,Zimmerman,39,75,215,R
thomptr01,Trayce,Thompson,32,75,225,R
burrry01,Ryan,Burr,29,76,220,R
burneco01,Corbin,Burnes,29,75,225,R
mccarke01,Kevin,McCarthy,31,75,210,R
tylerky01,Kyle,Tyler,27,72,185,R
murphda08,Daniel,Murphy,38,73,223,L
hoytja01,James,Hoyt,37,78,230,R
wittbo02,Bobby,Witt,23,73,200,R
ennsdi01,Dietrich,Enns,32,73,210,L
lavarry01,Ryan,Lavarnway,36,75,239,R
liberlu01,Luis,Liberato,28,73,175,L
freemsa01,Sam,Freeman,36,71,180,R
yastrmi01,Mike,Yastrzemski,33,70,178,L
battema01,Matthew,Batten,28,71,180,R
gorema01,MacKenzie,Gore,24,74,197,L
turneju01,Justin,Turner,39,71,202,R
gonzaer01,Erik,Gonzalez,32,75,205,R
mcmahry01,Ryan,McMahon,29,74,219,L
gonzach01,Chi Chi,Gonzalez,31,75,210,R
dudalu01,Lucas,Duda,37,76,255,L
jeffeda01,Daulton,Jefferies,28,72,182,L
bardlu01,Luke,Bard,33,75,200,R
anderty01,Tyler,Anderson,34,74,220,L
carasma01,Matt,Carasiti,32,74,205,R
arciaor01,Orlando,Arcia,29,72,187,R
sandopa01,Pablo,Sandoval,37,70,268,B
jewelja01,Jake,Jewell,30,74,217,R
colonch01,Christian,Colon,34,70,215,R
valdece01,Cesar,Valdez,38,74,225,R
slateau01,Austin,Slater,31,73,204,R
solando01,Donovan,Solano,36,68,210,R
pencehu01,Hunter,Pence,40,76,216,R
hoeinbr01,Bryan,Hoeing,27,78,210,R
marshev01,Evan,Marshall,33,74,235,R
apostsh01,Sherten,Apostel,24,76,235,R
plummni01,Nick,Plummer,27,70,200,L
thomaal01,Alek,Thomas,23,71,175,L
rodrije01,Jefry,Rodriguez,30,78,230,R
riverre01,Rene,Rivera,40,70,215,R
rasmudr01,Drew,Rasmussen,28,73,211,R
severlu01,Luis,Severino,29,74,218,R
massemi02,Michael,Massey,25,72,190,L
andrima01,Matt,Andriese,34,74,215,R
okeych01,Chris,Okey,29,71,200,R
descada01,Daniel,Descalso,37,70,190,L
bradfch02,Chase,Bradford,34,73,225,R
cabreme01,Melky,Cabrera,39,70,210,B
andujmi01,Miguel,Andujar,28,72,211,R
pareden01,Enoli,Paredes,28,71,171,R
garvemi01,Mitch,Garver,32,73,220,R
erlinro01,Robbie,Erlin,33,71,200,R
lopezre01,Reynaldo,Lopez,29,73,225,R
mejiaer01,Erick,Mejia,29,71,195,B
herrmch01,Chris,Herrmann,36,72,200,L
reedaj01,A. J.,Reed,30,76,275,L
dominse01,Seranthony,Dominguez,29,73,225,R
curryxz01,Xzavion,Curry,25,72,195,R
smithpa04,Pavin,Smith,27,74,208,L
guthrda01,Dalton,Guthrie,28,71,160,R
webstal01,Allen,Webster,33,74,200,R
bubickr01,Kris,Bubic,26,75,225,L
hergeke01,Kevin,Herget,32,70,185,L
blazemi01,Michael,Blazek,34,72,205,R
ramirno01,Noe,Ramirez,34,75,205,R
beckhgo01,Gordon,Beckham,37,72,188,R
gilbrlu01,Lucas,Gilbreath,27,73,185,L
grishtr01,Trent,Grisham,27,71,224,L
tuivasa01,Sam,Tuivailala,31,75,230,R
sirijo01,Jose,Siri,28,74,175,R
marteke01,Ketel,Marte,30,73,210,B
pegueel01,Elvis,Peguero,26,77,208,R
gonzama01,Marwin,Gonzalez,34,73,205,B
larseja01,Jack,Larsen,28,73,195,L
peralfr01,Freddy,Peralta,27,71,199,R
penaje02,Jeremy,Pena,26,72,202,R
galero01,Rocky,Gale,35,73,185,R
diazmi02,Miguel,Diaz,29,72,224,R
velasvi01,Vince,Velasquez,31,75,212,R
lindofr01,Francisco,Lindor,30,71,190,B
diazjo03,Jordan,Diaz,23,70,175,R
kieboca01,Carter,Kieboom,26,74,220,R
kiermke01,Kevin,Kiermaier,33,73,210,L
sanchje02,Jesus,Sanchez,26,75,222,L
mapledi01,Dillon,Maples,31,74,230,R
sadzeco01,Connor,Sadzeck,32,79,235,R
duffety01,Tyler,Duffey,33,75,220,R
vazquch01,Christian,Vazquez,33,69,205,R
cashnan01,Andrew,Cashner,37,78,235,R
jimened01,Eduardo,Jimenez,28,74,215,R
sanchmi01,Miguel,Sanchez,30,75,205,R
baronst01,Steven,Baron,33,72,205,R
bukaujb01,J. B.,Bukauskas,27,72,208,R
kineris01,Isiah,Kiner-Falefa,28,71,190,R
castrke01,Kervin,Castro,24,72,185,R
schoojo01,Jonathan,Schoop,32,73,247,R
dohyky01,Kyle,Dohy,27,74,202,L
downsje01,Jeter,Downs,25,71,195,R
rominan01,Andrew,Romine,38,73,190,B
meisiry01,Ryan,Meisinger,29,76,235,R
murphse01,Sean,Murphy,29,75,228,R
tellero01,Rowdy,Tellez,28,76,255,L
rodriro03,Ronny,Rodriguez,31,72,180,R
perazos02,Oswald,Peraza,23,72,200,R
scottro02,Robby,Scott,34,75,220,B
nolaaa01,Aaron,Nola,30,74,200,R
wellsal01,Alex,Wells,26,73,195,L
treinbl01,Blake,Treinen,35,77,225,R
morelmi01,Mitch,Moreland,38,75,245,L
davisjd01,J. D.,Davis,30,73,222,R
martich02,Chris,Martin,37,80,225,R
santaer01,Ervin,Santana,41,74,175,R
alzolad01,Adbert,Alzolay,28,73,208,R
smithca03,Caleb,Smith,32,72,207,R
vieauca01,Cam,Vieaux,30,75,200,L
bazared01,Eduard,Bazardo,28,72,165,R
mizeca01,Casey,Mize,26,75,212,R
mercejo03,Jordy,Mercer,37,75,210,R
weemsjo01,Jordan,Weems,31,76,209,L
durapmo01,Montana,DuRapau,31,70,190,R
peacoma01,Matt,Peacock,29,73,185,R
mooredy01,Dylan,Moore,31,72,205,R
abramcj01,CJ,Abrams,23,74,185,L
walshja02,Jake,Walsh,28,73,192,R
tejadru01,Ruben,Tejada,34,71,200,R
klinebr01,Branden,Kline,32,75,210,R
watsoto01,Tony,Watson,38,75,224,L
woodal02,Alex,Wood,32,76,215,R
nootbla01,Lars,Nootbaar,26,75,210,L
melviti01,Tim,Melville,34,76,250,R
murfepe01,Penn,Murfee,29,74,195,R
delmoni01,Nick,Delmonico,31,75,230,L
chatwty01,Tyler,Chatwood,34,71,200,R
coleaj01,A. J.,Cole,31,77,240,R
moranjo01,Jovani,Moran,26,73,167,L
schebsc01,Scott,Schebler,33,73,228,L
sanabca01,Carlos,Sanabria,26,75,200,R
thorple01,Lewis,Thorpe,28,73,218,R
hernael02,Elier,Hernandez,29,75,197,R
stashco01,Cody,Stashak,29,74,180,R
brachbr01,Brad,Brach,37,78,215,R
tovarez01,Ezequiel,Tovar,22,72,162,R
logueza01,Zach,Logue,27,72,165,L
williau01,Austen,Williams,31,75,220,R
sadleca02,Casey,Sadler,33,75,223,R
alexyaj01,A. J.,Alexy,25,76,195,R
mcgowky01,Kyle,McGowin,32,75,202,R
riddljt01,JT,Riddle,32,73,190,L
tauchmi01,Mike,Tauchman,33,74,220,L
davisjo05,Jonathan,Davis,31,68,190,R
huangwe01,Wei-Chieh,Huang,30,74,175,R
pozoyo01,Yohel,Pozo,26,72,201,R
guerrju02,Junior,Guerra,38,72,235,R
marqubr01,Brailyn,Marquez,24,76,185,L
willima08,Mac,Williamson,33,76,237,R
wilsost02,Steven,Wilson,29,75,221,R
gomezje01,Jeanmar,Gomez,35,75,215,R
blewesc01,Scott,Blewett,27,78,245,R
wahlbo01,Bobby,Wahl,31,75,216,R
martija03,Jason,Martin,28,69,185,L
turleni01,Nik,Turley,34,76,230,L
davisjo06,Johnny,Davis,33,70,180,B
knebeco01,Corey,Knebel,32,75,224,R
polloaj01,AJ,Pollock,36,73,210,R
mcgeeea01,Easton,McGee,26,78,205,R
azocajo01,Jose,Azocar,27,71,181,R
tayloty01,Tyrone,Taylor,29,72,194,R
mahtomi01,Mikie,Mahtook,34,74,220,R
cabreas01,Asdrubal,Cabrera,38,72,235,B
quezajo01,Johan,Quezada,29,81,255,R
alldrca01,Cam,Alldred,27,75,205,L
ahmedni01,Nick,Ahmed,33,74,201,R
stottbr01,Bryson,Stott,26,75,200,L
gonzalu03,Luis,Gonzalez,28,73,185,L
solompe01,Peter,Solomon,27,76,211,R
agrazda01,Dario,Agrazal,29,74,225,R
lopezni01,Nicky,Lopez,28,71,180,L
abreujo02,Jose,Abreu,36,75,235,R
stumpda01,Daniel,Stumpf,32,74,208,L
beltbr01,Brandon,Belt,35,75,231,L
neverdo01,Dovydas,Neverauskas,30,75,225,R
duffyma01,Matt,Duffy,32,74,190,R
wilsoma02,Marcus,Wilson,27,74,198,R
meyerja02,Jake,Meyers,27,72,200,R
sucreje01,Jesus,Sucre,35,72,200,R
panikjo01,Joe,Panik,33,73,205,L
cottojh01,Jharel,Cotton,31,71,200,R
buehlwa01,Walker,Buehler,29,74,185,R
mujicjo01,Jose,Mujica,27,74,249,R
elmorja01,Jake,Elmore,36,70,180,R
barkelu01,Luke,Barker,31,75,230,R
saladty01,Tyler,Saladino,34,72,200,R
seageco01,Corey,Seager,29,76,215,L
demertr01,Travis,Demeritte,29,72,180,R
florebe01,Bernardo,Flores,28,76,190,L
rossora01,Ramon,Rosso,27,76,240,R
duplajo01,Jon,Duplantier,29,76,229,L
walshja01,Jared,Walsh,30,72,210,L
refsnro01,Rob,Refsnyder,32,72,205,R
pinedmi01,Michael,Pineda,34,79,280,R
barraky01,Kyle,Barraclough,33,75,229,R
jonesno01,Nolan,Jones,25,76,195,L
hearnta01,Taylor,Hearn,29,78,230,L
searsjp01,JP,Sears,27,71,180,R
swansda01,Dansby,Swanson,29,73,190,R
muncyma01,Max,Muncy,33,72,215,L
perezjo01,Joe,Perez,24,74,198,R
bruceja01,Jay,Bruce,36,75,230,L
urenajo01,Jose,Urena,32,74,208,R
rodonca01,Carlos,Rodon,31,75,245,L
martibr01,Brett,Martin,28,76,200,L
lopesch01,Christian,Lopes,31,72,211,R
poteeco01,Cody,Poteet,29,73,190,R
strzepe01,Peter,Strzelecki,29,74,195,R
susacan01,Andrew,Susac,33,73,220,R
hernaos01,Oscar,Hernandez,30,73,230,R
narvaom01,Omar,Narvaez,31,71,220,L
rondoan01,Angel,Rondon,26,73,205,R
walketa01,Taijuan,Walker,31,76,253,B
romose01,Sergio,Romo,40,71,185,R
mckentr01,Triston,McKenzie,26,77,165,R
shortza01,Zack,Short,28,70,180,R
palacje01,Jermaine,Palacios,27,72,145,R
paredis01,Isaac,Paredes,24,71,213,R
volqued01,Edinson,Volquez,40,72,220,R
negrokr01,Kristopher,Negron,37,72,190,R
darnatr01,Travis,d'Arnaud,34,74,210,R
baeji01,Ji Hwan,Bae,24,73,185,L
manoaal01,Alek,Manoah,25,78,285,R
desclan01,Anthony,DeSclafani,33,74,195,R
syndeno01,Noah,Syndergaard,31,78,242,L
mejiaad01,Adalberto,Mejia,30,75,265,R
perezma02,Martin,Perez,32,72,200,L
cedenxa01,Xavier,Cedeno,37,71,210,L
moncayo01,Yoan,Moncada,28,74,225,B
biebesh01,Shane,Bieber,28,75,200,R
blanktr01,Travis,Blankenhorn,27,74,230,L
yamagsh01,Shun,Yamaguchi,36,74,225,R
latzja01,Jake,Latz,27,74,185,R
gordoal01,Alex,Gordon,39,73,220,L
isbelky01,Kyle,Isbel,26,71,190,L
thompry02,Ryan,Thompson,31,77,210,R
whitety01,Tyler,White,33,71,238,R
mathima01,Mark,Mathias,29,72,200,R
carltdr01,Drew,Carlton,28,73,215,R
nanceto01,Tommy,Nance,32,78,235,R
glasnty01,Tyler,Glasnow,30,80,225,L
guilmpr01,Preston,Guilmet,36,74,200,R
peterja01,Jace,Peterson,33,72,215,L
herreiv01,Ivan,Herrera,23,71,220,R
parkebl01,Blake,Parker,38,75,225,R
marquge01,German,Marquez,28,73,230,R
roberda10,Daniel,Robertson,29,73,210,R
jonesad01,Adam,Jones,38,74,215,R
robsoja01,Jacob,Robson,29,70,182,L
fariaja01,Jake,Faria,30,76,230,R
moretda01,Dauri,Moreta,27,74,185,R
wingetr01,Trey,Wingenter,29,79,237,R
altavda01,Dan,Altavilla,31,71,226,R
jacksza02,Zach,Jackson,29,76,230,R
fishmja01,Jake,Fishman,28,75,195,L
sanchal04,Ali,Sanchez,26,73,200,R
springe01,George,Springer,34,75,220,R
hardybl01,Blaine,Hardy,36,74,218,L
carroco02,Corbin,Carroll,23,70,165,L
lowrije01,Jed,Lowrie,39,72,180,B
lowejo01,Josh,Lowe,25,76,205,L
mckenry01,Ryan,McKenna,26,71,195,R
doziebr01,Brian,Dozier,36,71,200,R
wentzjo01,Joey,Wentz,26,77,220,L
solarya01,Yangervis,Solarte,36,71,220,B
wrighmi01,Mike,Wright,33,78,240,R
perezhe02,Hector,Perez,27,75,223,R
szaputh01,Thomas,Szapucki,27,74,210,R
kivlepa01,Patrick,Kivlehan,34,74,211,R
dukeza01,Zach,Duke,40,74,210,L
turnetr01,Trea,Turner,30,74,185,R
elderbr01,Bryce,Elder,24,74,220,R
rumbeni01,Nick,Rumbelow,32,72,190,R
donovbr01,Brendan,Donovan,26,73,195,L
dejesan01,Angel,De Jesus,26,76,200,R
givenmy01,Mychal,Givens,33,72,239,R
johnsbr02,Brian,Johnson,33,75,250,L
suarean01,Andrew,Suarez,31,72,202,L
martest01,Starling,Marte,35,73,201,R
casalcu01,Curt,Casali,35,74,220,R
garcide01,Deivi,Garcia,24,69,163,R
foltymi01,Mike,Foltynewicz,32,76,195,R
romerse01,Seth,Romero,27,75,213,L
vosleja01,Jason,Vosler,30,73,220,L
tarnofr01,Freddy,Tarnok,25,75,185,R
fuentjo01,Joshua,Fuentes,30,74,209,R
andersh01,Shaun,Anderson,29,78,228,R
poynebo01,Bobby,Poyner,31,72,220,L
santado01,Domingo,Santana,31,77,232,R
lowthza01,Zac,Lowther,27,74,235,L
lopezjo02,Jorge,Lopez,30,75,200,R
suzukku01,Kurt,Suzuki,40,71,210,R
bowdebe01,Ben,Bowden,29,76,249,L
bauertr01,Trevor,Bauer,32,73,205,R
tinocje01,Jesus,Tinoco,28,76,258,R
dickeco01,Corey,Dickerson,34,73,200,L
pradoma01,Martin,Prado,40,72,215,R
campbpa02,Paul,Campbell,28,72,210,L
holtoty01,Tyler,Holton,27,74,200,L
tullyta01,Tanner,Tully,29,74,205,L
smithdr01,Drew,Smith,30,73,192,R
mckaybr01,Brendan,McKay,28,74,220,L
irvinco01,Cole,Irvin,29,76,217,L
altuvjo01,Jose,Altuve,33,66,166,R
stjohlo01,Locke,St. John,30,73,205,L
hollojo01,Jordan,Holloway,27,78,230,R
underdu01,Duane,Underwood,29,74,225,R
iglesra01,Raisel,Iglesias,33,74,190,R
dowdyky01,Kyle,Dowdy,30,73,195,R
scottta01,Tanner,Scott,29,72,235,R
ellisch01,Chris,Ellis,31,77,205,L
lovelri01,Richard,Lovelady,28,72,185,L
freemfr01,Freddie,Freeman,34,77,220,L
gutievl01,Vladimir,Gutierrez,28,73,190,R
dolisra01,Rafael,Dolis,35,76,235,R
peacobr01,Brad,Peacock,35,73,207,R
wadela01,LaMonte,Wade,29,73,205,L
allgeni01,Nick,Allgeyer,27,75,225,L
nelsoky01,Kyle,Nelson,27,73,175,L
suerowa01,Wander,Suero,32,76,216,R
sheffju01,Justus,Sheffield,27,70,224,L
cozendy01,Dylan,Cozens,29,78,245,L
adonjo01,Joan,Adon,25,74,246,R
oneilty01,Tyler,O'Neill,28,71,200,R
josepca01,Caleb,Joseph,37,75,205,R
peterti01,Tim,Peterson,32,73,215,R
shawbr01,Bryan,Shaw,36,73,226,B
bellaan01,Andrew,Bellatti,32,73,190,R
litteza01,Zack,Littell,28,76,220,R
jacksed01,Edwin,Jackson,40,74,215,R
martijd02,J. D.,Martinez,36,75,230,R
davisro03,Rookie,Davis,30,77,255,R
detwiro01,Ross,Detwiler,37,77,210,R
hellije01,Jeremy,Hellickson,36,73,190,R
eatonad02,Adam,Eaton,35,69,180,L
krolia01,Ian,Krol,32,73,210,L
ramosaj01,AJ,Ramos,37,70,200,R
guduare01,Reymin,Guduan,31,76,205,L
misiean01,Anthony,Misiewicz,29,73,196,R
greinza01,Zack,Greinke,40,74,200,R
troutmi01,Mike,Trout,32,74,235,R
villajo01,Jonathan,Villar,32,72,233,B
rogerjo01,Josh,Rogers,29,75,211,L
santada01,Danny,Santana,33,71,195,B
aveliab01,Abiatal,Avelino,28,72,210,R
escobed01,Eduardo,Escobar,34,70,199,B
casteni01,Nick,Castellanos,31,76,203,R
faircst01,Stuart,Fairchild,27,72,205,R
ogradbr01,Brian,O'Grady,31,74,215,L
wantzan01,Andrew,Wantz,28,76,235,R
ponceda01,Daniel,Ponce de Leon,31,75,200,R
staumjo01,Josh,Staumont,30,75,200,R
cruzje01,Jesus,Cruz,28,73,230,R
machadi01,Dixon,Machado,31,73,190,R
servebr01,Brian,Serven,28,72,207,R
ottogl01,Glenn,Otto,27,75,240,R
sulsebe01,Beau,Sulser,29,74,195,R
montgjo01,Jordan,Montgomery,31,78,228,L
tayloch03,Chris,Taylor,33,73,196,R
croneja01,Jake,Cronenworth,29,72,187,L
garzaju01,Justin,Garza,29,70,170,R
biagijo01,Joe,Biagini,33,76,230,R
lagarju01,Juan,Lagares,34,74,219,R
romerjo01,JoJo,Romero,27,72,200,L
mcfartj01,T. J.,McFarland,34,75,200,L
romerfe01,Fernando,Romero,29,72,215,R
cederbl01,Blake,Cederlind,27,76,215,R
curtijo02,John,Curtiss,30,77,220,R
petityu01,Yusmeiro,Petit,39,73,252,R
smeltde01,Devin,Smeltzer,28,75,195,R
nicasju01,Juan,Nicasio,37,76,250,R
loupaa01,Aaron,Loup,36,71,210,L
alexaty01,Tyler,Alexander,29,74,203,R
ruizno01,Norge,Ruiz,29,70,190,R
millety01,Tyson,Miller,28,76,225,R
hernate01,Teoscar,Hernandez,31,74,215,R
canhama01,Mark,Canha,34,74,192,R
kellymi03,Michael,Kelly,31,76,185,R
martica04,Carlos,Martinez,32,72,200,R
mcraeal01,Alex,McRae,30,74,220,R
thomala02,Lane,Thomas,28,72,191,R
duartda01,Daniel,Duarte,27,72,170,R
rodriri05,Richard,Rodriguez,33,76,220,R
alvarrj01,R. J.,Alvarez,32,73,238,R
gurrilo01,Lourdes,Gurriel,30,76,215,R
chafian01,Andrew,Chafin,33,74,235,R
dietrde01,Derek,Dietrich,34,74,205,L
courtry01,Ryan,Court,35,74,210,R
meyerma01,Max,Meyer,24,72,196,L
carpeda01,David,Carpenter,38,75,230,R
wothema01,Matt,Wotherspoon,32,74,215,R
ellisdr01,Drew,Ellis,28,75,205,R
kellebr01,Brad,Keller,28,77,255,R
youngda02,Danny,Young,29,75,200,L
leybado01,Domingo,Leyba,28,71,205,B
crickky01,Kyle,Crick,31,76,225,L
novaiv01,Ivan,Nova,36,77,250,R
adamsch01,Chance,Adams,29,73,215,R
deverjo01,Jose,Devers,24,72,174,L
morofma01,Max,Moroff,30,70,190,B
deluzbe01,Ben,DeLuzio,29,75,200,R
camarda01,Dan,Camarena,31,72,210,L
vothau01,Austin,Voth,31,74,215,R
quiroes01,Esteban,Quiroz,31,66,199,L
lobstky01,Kyle,Lobstein,34,75,220,L
anderbr06,Brian,Anderson,30,75,208,R
lawreju01,Justin,Lawrence,29,75,213,R
inciaen01,Ender,Inciarte,33,71,190,L
reddijo01,Josh,Reddick,36,74,197,L
godoyjo01,Jose,Godoy,29,71,200,L
mountry01,Ryan,Mountcastle,26,76,230,R
cordeji01,Jimmy,Cordero,32,76,240,R
kendrho01,Howie,Kendrick,40,71,225,R
wilkest01,Stevie,Wilkerson,31,74,195,B
altheaa01,Aaron,Altherr,32,77,215,R
reyesal02,Alex,Reyes,29,76,220,R
thaisma01,Matt,Thaiss,28,72,215,L
gracema02,Matt,Grace,35,76,215,L
stallja01,Jacob,Stallings,34,77,225,R
holadbr01,Bryan,Holaday,36,72,203,R
brighje01,Jeff,Brigham,31,72,195,R
bedroca01,Cam,Bedrosian,32,73,225,R
castiwe01,Welington,Castillo,36,70,215,R
topaju01,Justin,Topa,32,76,200,R
fauchca01,Calvin,Faucher,28,73,190,R
boteda01,David,Bote,30,73,205,R
peralwi01,Wily,Peralta,34,73,255,R
hernayo02,Yonny,Hernandez,25,69,140,B
stantmi03,Giancarlo,Stanton,34,78,245,R
castery01,Ryan,Castellani,27,76,218,R
markani01,Nick,Markakis,40,73,210,L
guerrta01,Tayron,Guerrero,32,80,225,R
suterbr01,Brent,Suter,34,76,213,L
guerrta02,Taylor,Guerrieri,31,75,225,R
starlbu01,Bubba,Starling,31,76,220,R
wilsoal01,Alex,Wilson,37,72,227,R
nollja01,Jake,Noll,29,74,213,R
triggan01,Andrew,Triggs,34,76,233,R
gutieke01,Kelvin,Gutierrez,29,74,215,R
estrama01,Marco,Estrada,40,72,180,R
kipnija01,Jason,Kipnis,36,71,200,L
colemdy01,Dylan,Coleman,27,77,230,R
astudwi01,Willians,Astudillo,32,69,225,R
brentja01,Jake,Brentz,29,73,205,L
roberkr01,Kramer,Robertson,29,70,166,R
verdual01,Alex,Verdugo,27,72,192,L
rogerja03,Jake,Rogers,28,73,201,R
thameer01,Eric,Thames,37,71,235,L
grissva01,Vaughn,Grissom,22,75,210,R
arteahu01,Humberto,Arteaga,29,73,160,R
ramirni01,Nick,Ramirez,34,76,232,L
richacl01,Clayton,Richard,40,77,240,L
tomlijo01,Josh,Tomlin,39,73,190,R
cimbead01,Adam,Cimber,33,75,195,R
bonifem01,Emilio,Bonifacio,38,70,200,B
emanuke01,Kent,Emanuel,31,76,225,L
frankse01,Seth,Frankoff,35,77,206,R
pallaan01,Andre,Pallante,25,72,203,R
castima03,Max,Castillo,24,74,280,R
adriaeh01,Ehire,Adrianza,34,73,198,B
baldoal01,Alberto,Baldonado,30,76,276,L
goodwbr01,Brian,Goodwin,33,72,205,L
obergsc01,Scott,Oberg,33,74,207,R
dermoma01,Matt,Dermody,33,77,190,R
kershcl01,Clayton,Kershaw,35,76,225,L
bassich01,Chris,Bassitt,34,77,215,R
taillja01,Jameson,Taillon,32,77,230,R
pedrodu01,Dustin,Pedroia,40,69,170,R
alexasc01,Scott,Alexander,34,74,195,L
allengr01,Greg,Allen,30,72,185,B
devench02,Chris,Devenski,33,75,211,R
smithca04,Canaan,Smith-Njigba,24,72,230,L
weavelu01,Luke,Weaver,30,74,183,R
fulmeca01,Carson,Fulmer,30,72,210,R
harvema01,Matt,Harvey,34,76,220,R
gillalo01,Logan,Gillaspie,26,74,220,R
mckayda02,David,McKay,28,75,205,R
francwa01,Wander,Franco,22,70,189,B
tuckeky01,Kyle,Tucker,26,76,199,L
acevedo01,Domingo,Acevedo,29,79,240,R
aranovi01,Victor,Arano,28,74,228,R
kiliaca01,Caleb,Kilian,26,76,180,R
garrest01,Stone,Garrett,28,74,195,R
martejo01,Jose,Marte,27,75,180,R
carpema01,Matt,Carpenter,38,76,210,L
mitchca01,Cal,Mitchell,24,72,205,L
pillake01,Kevin,Pillar,34,72,200,R
minormi01,Mike,Minor,36,76,210,R
gilbelo01,Logan,Gilbert,26,78,215,R
pattosp01,Spencer,Patton,35,73,200,R
merriwh01,Whit,Merrifield,34,73,195,R
hatchto01,Thomas,Hatch,29,73,195,R
kerrra01,Ray,Kerr,29,75,185,L
mathiwy01,Wyatt,Mathisen,30,72,217,R
juradar01,Ariel,Jurado,27,74,240,R
uriasju01,Julio,Urias,27,72,225,L
bashlty01,Tyler,Bashlor,30,72,195,R
santogr01,Gregory,Santos,24,74,190,R
winckjo01,Josh,Winckowski,25,76,202,R
chiriyo01,Yonny,Chirinos,30,74,225,R
waldimi01,Mitch,Walding,31,75,190,L
garciad02,Adolis,Garcia,30,73,205,R
kranima01,Max,Kranick,26,75,220,R
rendoan01,Anthony,Rendon,33,73,200,R
rosareg01,Eguy,Rosario,24,69,150,R
marmojo01,Jose,Marmolejos,30,74,239,L
kirkal01,Alejandro,Kirk,25,68,245,R
norwoja01,James,Norwood,30,74,215,R
heuerco01,Codi,Heuer,27,77,200,R
hoffmje02,Jeff,Hoffman,30,77,235,R
morinmi01,Mike,Morin,32,76,220,R
fostema01,Matt,Foster,28,72,215,R
galleza01,Zac,Gallen,28,74,189,R
sosale01,Lenyn,Sosa,23,72,180,R
josepco01,Corban,Joseph,35,72,185,L
zobribe01,Ben,Zobrist,42,75,210,B
naylojo01,Josh,Naylor,26,71,250,L
sneedcy01,Cy,Sneed,31,76,213,R
sanmare01,Reiver,Sanmartin,27,74,160,L
wilsoja03,Jacob,Wilson,33,72,219,R
mcclare01,Reggie,McClain,31,74,180,R
mchugco01,Collin,McHugh,36,74,191,R
avilape01,Pedro,Avila,26,71,210,R
mitchga01,Garrett,Mitchell,25,75,215,L
junisja01,Jakob,Junis,31,75,220,R
hentgsa01,Sam,Hentges,27,78,245,L
mellake01,Keury,Mella,30,74,234,R
reedmi02,Michael,Reed,31,72,215,R
zagunma01,Mark,Zagunis,30,72,215,R
waldema01,Marcus,Walden,35,70,198,R
smoakju01,Justin,Smoak,37,76,220,B
scruban01,Andre,Scrubb,28,76,270,R
slegeaa01,Aaron,Slegers,31,82,260,R
gerbejo01,Joey,Gerber,26,76,212,R
taylomi02,Michael,Taylor,32,76,215,R
rodried05,Eduardo,Rodriguez,30,74,231,L
newbeja01,Jake,Newberry,29,74,200,R
lambeji01,Jimmy,Lambert,29,74,190,R
willide03,Devin,Williams,29,74,200,R
estevca01,Carlos,Estevez,31,78,277,R
orfna01,Nate,Orf,33,68,181,R
ladwiaj01,A. J.,Ladwig,31,77,220,R
liriafr01,Francisco,Liriano,40,75,220,L
snydeni01,Nicklaus,Snyder,28,76,190,R
whitlga01,Garrett,Whitlock,27,77,225,R
rosared01,Eddie,Rosario,32,73,180,L
gosseph01,Philip,Gosselin,35,73,188,R
vargami01,Miguel,Vargas,24,75,205,R
breweco01,Colten,Brewer,31,76,222,R
hembrhe01,Heath,Hembree,34,76,220,R
bregmal01,Alex,Bregman,29,72,192,R
marisja01,Jake,Marisnick,32,76,220,R
trompch01,Chadwick,Tromp,28,68,221,R
britoso01,Socrates,Brito,31,74,205,L
festama01,Matt,Festa,30,73,195,R
mcculla02,Lance,McCullers,30,73,202,L
mushipa01,Parker,Mushinski,28,72,218,L
daviskh01,Khris,Davis,36,71,205,R
ruckemi01,Michael,Rucker,29,73,200,R
cavalca01,Cade,Cavalli,25,76,240,R
castrwi01,Willi,Castro,26,73,206,B
munozya01,Yairo,Munoz,28,71,200,R
youngja02,Jared,Young,28,74,185,L
zerpaan01,Angel,Zerpa,24,72,220,L
bernabr01,Brennan,Bernardino,31,76,180,L
hillti01,Tim,Hill,33,76,200,R
couloda01,Danny,Coulombe,34,70,190,L
matonph01,Phil,Maton,30,76,206,R
ventejo01,Jonny,Venters,38,75,200,L
bummeaa01,Aaron,Bummer,30,75,215,L
rojasjo01,Josh,Rojas,29,73,207,L
desmoia01,Ian,Desmond,38,75,217,R
robleha01,Hansel,Robles,33,72,220,R
adamsau02,Austin,Adams,32,75,220,R
ortizlu02,Luis,Ortiz,28,75,230,R
rojasjo02,Jose,Rojas,30,72,200,L
smithke05,Kevin,Smith,27,72,190,R
siscoch01,Chance,Sisco,28,75,210,L
hunteto02,Tommy,Hunter,37,75,250,R
teperry01,Ryan,Tepera,36,73,195,R
ohtansh01,Shohei,Ohtani,29,76,210,L
baezja01,Javier,Baez,31,72,190,R
andruel01,Elvis,Andrus,35,72,210,R
knappan01,Andrew,Knapp,32,73,189,B
betande01,Dellin,Betances,35,80,265,R
mondona01,Nate,Mondou,28,69,195,L
myerswi01,Wil,Myers,33,75,207,R
janseke01,Kenley,Jansen,36,77,265,B
ramirye01,Yefry,Ramirez,30,74,215,R
gosean01,Anthony,Gose,33,72,200,L
strawmy01,Myles,Straw,29,70,178,R
rossty01,Tyson,Ross,36,77,254,R
sandsdo01,Donny,Sands,27,74,190,R
padilni01,Nicholas,Padilla,27,74,220,R
colliti01,Tim,Collins,34,67,166,L
henriro01,Ronny,Henriquez,23,70,155,R
selmasa01,Sam,Selman,33,74,198,R
pepiory01,Ryan,Pepiot,26,75,215,R
diplama01,Marcos,Diplan,27,72,200,R
friaslu01,Luis,Frias,25,75,245,R
toussto01,Touki,Toussaint,27,75,215,R
ruizke01,Keibert,Ruiz,25,72,225,B
pindech01,Chad,Pinder,31,74,210,R
roarkta01,Tanner,Roark,37,74,238,R
santaed01,Edgar,Santana,32,74,205,R
steelju01,Justin,Steele,28,74,205,L
sherrry01,Ryan,Sherriff,33,73,190,L
alforan01,Anthony,Alford,29,73,215,R
burleal01,Alec,Burleson,25,74,212,L
simmoan01,Andrelton,Simmons,34,74,195,R
espinra01,Raynel,Espinal,32,75,215,R
wieckbr01,Brad,Wieck,32,80,257,L
lawde01,Derek,Law,33,75,225,R
vasquan02,Andrew,Vasquez,30,78,235,L
ohearry01,Ryan,O'Hearn,30,75,220,L
wrighst01,Steven,Wright,39,74,215,R
montafr01,Frankie,Montas,30,74,255,R
heinety01,Tyler,Heineman,32,70,190,B
seageky01,Kyle,Seager,36,72,216,L
cordery01,Ryan,Cordell,31,76,200,R
blancro01,Ronel,Blanco,30,72,180,R
dubonma01,Mauricio,Dubon,29,72,173,R
lewisky01,Kyle,Lewis,28,76,222,R
gonzama02,Marco,Gonzales,31,73,205,L
ladenty01,Tyler,Ladendorf,35,71,195,R
zastrro01,Rob,Zastryzny,31,75,231,R
brantro01,Rob,Brantly,34,72,191,L
navarbr01,Brian,Navarreto,29,72,237,R
reyesde02,Denyi,Reyes,27,76,255,R
merryju01,Julian,Merryweather,32,76,215,R
lawreca01,Casey,Lawrence,36,72,170,R
mcneije01,Jeff,McNeil,31,72,192,L
stevean01,Andrew,Stevenson,29,72,191,L
kingjo01,John,King,29,74,215,L
gearrco01,Cory,Gearrin,37,73,205,R
phegljo01,Josh,Phegley,35,70,225,R
smylydr01,Drew,Smyly,34,74,190,L
salazda01,Danny,Salazar,33,72,195,R
sousabe01,Bennett,Sousa,28,75,220,L
smithwi04,Will,Smith,34,77,255,R
oviedlu01,Luis,Oviedo,24,77,250,R
diazal03,Alexis,Diaz,27,74,224,R
buchhcl01,Clay,Buchholz,39,75,190,L
mearsni01,Nick,Mears,27,74,200,R
rufda01,Darin,Ruf,37,74,232,R
mazarno01,Nomar,Mazara,28,76,224,L
wadeko01,Konner,Wade,32,75,195,L
boxbebr01,Brad,Boxberger,35,70,211,R
harvehu01,Hunter,Harvey,29,74,225,R
quantca01,Cal,Quantrill,28,75,195,L
fowledu01,Dustin,Fowler,29,72,195,L
antonte01,Tejay,Antone,30,76,230,R
murphpa02,Patrick,Murphy,28,77,211,R
elledse01,Seth,Elledge,27,75,240,R
ryanky01,Kyle,Ryan,32,77,215,L
lauerer01,Eric,Lauer,28,75,228,R
gallois01,Isaac,Galloway,34,74,205,R
bostiak01,Akeem,Bostick,28,78,240,R
semiema01,Marcus,Semien,33,72,195,R
nolinse01,Sean,Nolin,34,76,250,L
samarje01,Jeff,Samardzija,38,76,233,R
housead01,Adrian,Houser,30,75,222,R
vogtst01,Stephen,Vogt,39,72,216,L
cespeyo01,Yoenis,Cespedes,38,71,225,R
oswalco01,Corey,Oswalt,30,77,250,R
moranbr01,Brian,Moran,35,76,225,L
wangwe01,Wei-Chung,Wang,31,73,160,L
hamilca01,Caleb,Hamilton,28,72,185,R
garcima01,Maikel,Garcia,23,72,145,R
crichst01,Stefan,Crichton,31,75,208,R
jennida01,Dan,Jennings,36,75,215,L
vargaja01,Jason,Vargas,40,72,215,L
eatonna01,Nate,Eaton,27,71,185,R
nunezdo01,Dom,Nunez,28,73,212,L
kempto01,Tony,Kemp,32,66,160,L
brantmi02,Michael,Brantley,36,74,209,L
cuthbch01,Cheslor,Cuthbert,31,73,205,R
dullry01,Ryan,Dull,34,69,185,R
kelenja01,Jarred,Kelenic,24,73,206,L
fernaju02,Julian,Fernandez,28,78,233,R
almonye01,Yency,Almonte,29,77,223,R
hicklbr01,Brewer,Hicklen,27,74,208,R
rodgebr02,Brendan,Rodgers,27,72,204,R
singebr01,Brady,Singer,27,77,215,R
difowi01,Wilmer,Difo,31,71,200,B
perdolu02,Luis,Perdomo,30,74,201,R
arrieja01,Jake,Arrieta,37,76,230,R
dunnju01,Justin,Dunn,28,74,185,R
thomadi01,Dillon,Thomas,31,73,215,L
lugose01,Seth,Lugo,34,76,233,R
grayjo02,Jon,Gray,32,76,225,R
watkisp01,Spenser,Watkins,31,74,185,R
priceda01,David,Price,38,77,215,L
paynety01,Tyler,Payne,31,71,210,R
mullice01,Cedric,Mullins,29,68,175,L
waltena01,Nash,Walters,26,77,210,R
changyu01,Yu,Chang,28,73,180,R
sanchan01,Anibal,Sanchez,39,72,207,R
greenco01,Conner,Greene,28,76,195,R
barlojo01,Joe,Barlow,28,74,210,R
brinsle01,Lewis,Brinson,29,77,212,R
mathije01,Jeff,Mathis,40,72,205,R
koenija01,Jared,Koenig,29,77,245,R
brownhu01,Hunter,Brown,25,74,212,R
junkja01,Janson,Junk,27,73,177,R
mccarja02,Jake,McCarthy,26,74,215,L
lestejo01,Jon,Lester,39,76,249,L
davisra01,Rajai,Davis,43,70,195,R
frazicl01,Jackson,Frazier,29,71,212,R
karinja01,James,Karinchak,28,75,215,R
rogerty01,Tyler,Rogers,33,75,181,R
hillde01,Derek,Hill,28,74,190,R
profaju01,Jurickson,Profar,30,72,184,B
baumami01,Mike,Baumann,28,76,235,R
piscost01,Stephen,Piscotty,32,76,211,R
garciro02,Robel,Garcia,30,72,195,B
kaprija01,James,Kaprielian,29,75,225,R
forteni01,Nick,Fortes,27,71,198,R
diazya02,Yainer,Diaz,25,72,195,R
ibanean01,Andy,Ibanez,30,71,205,R
millean01,Andrew,Miller,38,79,200,L
harpebr03,Bryce,Harper,31,75,210,L
pintore02,Rene,Pinto,27,70,195,R
patinlu01,Luis,Patino,24,73,192,R
reyesge01,Gerardo,Reyes,30,71,195,R
headlo01,Louis,Head,33,73,180,R
kellyme01,Merrill,Kelly,35,74,202,R
strasst01,Stephen,Strasburg,35,77,239,R
sceroma01,Mac,Sceroler,28,75,215,R
arauzjo01,Jonathan,Arauz,25,72,195,B
ohopplo01,Logan,O'Hoppe,23,74,185,R
hiranyo01,Yoshihisa,Hirano,39,73,185,R
garciav01,Avisail,Garcia,32,76,250,R
cleavga01,Garrett,Cleavinger,29,73,220,R
dixonbr01,Brandon,Dixon,31,74,215,R
brachsi01,Silvino,Bracho,31,70,190,R
colliza01,Zack,Collins,28,75,220,L
mejiase01,Seth,Mejias-Brean,32,74,205,R
hammejd01,J. D.,Hammer,29,75,202,R
alcanse01,Sergio,Alcantara,27,69,151,B
davidtu01,Tucker,Davidson,27,74,215,L
cannigr01,Griffin,Canning,27,74,180,R
keuchda01,Dallas,Keuchel,35,74,205,L
mastrmi01,Miles,Mastrobuoni,28,71,185,L
degotal01,Alex,De Goti,29,72,192,R
wellsty01,Tyler,Wells,29,80,255,R
liberma01,Matthew,Liberatore,24,76,200,L
fletcaa01,Aaron,Fletcher,27,72,220,L
bradlar01,Archie,Bradley,31,76,215,R
smithma05,Mallex,Smith,30,69,170,L
chavimi01,Michael,Chavis,28,70,190,R
osichjo01,Josh,Osich,35,74,235,L
kochma01,Matt,Koch,33,75,215,L
toroab01,Abraham,Toro,27,72,225,B
martise01,Seth,Martinez,29,74,200,R
roberda08,David,Robertson,38,71,195,R
rosaad01,Adonis,Rosa,29,73,170,R
crawfku01,Kutter,Crawford,27,73,209,R
hampsga01,Garrett,Hampson,29,71,196,R
kriskbr01,Brooks,Kriske,29,75,190,R
woodhu01,Hunter,Wood,30,73,175,R
musgrha01,Harrison,Musgrave,31,73,206,L
rodriel02,Elvin,Rodriguez,25,75,160,R
biddlje01,Jesse,Biddle,32,77,220,L
smithbu03,Burch,Smith,33,76,225,R
hedgeau01,Austin,Hedges,31,73,223,R
leibrbr01,Brandon,Leibrandt,31,76,190,L
eflinza01,Zach,Eflin,29,78,220,R
bautige01,Gerson,Bautista,28,75,195,R
crookna01,Narciso,Crook,28,75,220,R
cuasjo01,Jose,Cuas,29,75,195,R
herrejo04,Jose,Herrera,26,70,217,B
gonzavi02,Victor,Gonzalez,28,72,180,L
espinpa01,Paolo,Espino,36,70,211,R
davisau01,Austin,Davis,30,76,235,L
yateski01,Kirby,Yates,36,70,205,L
milleju02,Justin,Miller,36,75,225,R
ramirha02,Harold,Ramirez,29,70,232,R
segurje01,Jean,Segura,33,70,220,R
pederjo01,Joc,Pederson,31,73,220,L
paganem01,Emilio,Pagan,32,74,208,L
hamilia01,Ian,Hamilton,28,73,200,R
ginkeke01,Kevin,Ginkel,29,76,235,L
pachecr01,Cristian,Pache,25,74,215,R
funkhky01,Kyle,Funkhouser,29,75,229,R
amburtr01,Trey,Amburgey,29,74,210,R
prattni01,Nick,Pratto,25,73,215,L
sotogr01,Gregory,Soto,28,73,234,L
suzukic01,Ichiro,Suzuki,50,71,175,L
guzmaro01,Ronald,Guzman,29,77,235,L
gordoni01,Nick,Gordon,28,72,160,L
sotoli01,Livan,Soto,23,72,160,L
mahlety01,Tyler,Mahle,29,75,210,R
bradlja02,Jackie,Bradley,33,70,196,L
newsolj01,Ljay,Newsome,27,71,210,R
abbotco01,Cory,Abbott,28,74,220,R
wolteto01,Tony,Wolters,31,70,195,L
oteroda01,Dan,Otero,38,75,205,R
taylobe04,Beau,Taylor,33,71,205,L
bazsh01,Shane,Baz,24,74,190,R
boydma01,Matt,Boyd,32,75,223,L
luplojo01,Jordan,Luplow,30,73,195,R
krameke01,Kevin,Kramer,30,72,195,L
parsowe01,Wes,Parsons,31,77,206,R
peralda01,David,Peralta,36,73,210,L
sulseco01,Cole,Sulser,33,73,190,R
overtco01,Connor,Overton,30,72,190,L
kuhnejo01,Joel,Kuhnel,28,76,280,R
sneadki01,Kirby,Snead,29,73,218,L
markepa01,Parker,Markel,33,77,240,R
almonab01,Abraham,Almonte,34,70,223,B
riverya01,Yadiel,Rivera,31,75,190,R
barlosc01,Scott,Barlow,31,75,210,R
darviyu01,Yu,Darvish,37,77,220,R
crousha01,Hans,Crouse,25,76,180,L
skaggty01,Tyler,Skaggs,32,76,225,L
mileywa01,Wade,Miley,37,74,220,L
martico02,Corbin,Martin,28,74,225,R
arihako01,Kohei,Arihara,31,74,210,R
alcanvi01,Victor,Alcantara,30,74,190,R
bergetr01,Travis,Bergen,30,73,223,L
millesh01,Shelby,Miller,33,75,225,R
dinini01,Nick,Dini,30,69,191,R
castrha01,Harold,Castro,30,70,195,L
hosmeer01,Eric,Hosmer,34,76,226,L
machama01,Manny,Machado,31,75,218,R
willilu01,Luke,Williams,27,73,186,R
hagerja01,Jake,Hager,30,73,170,R
hundlni01,Nick,Hundley,40,72,203,R
livelbe01,Ben,Lively,31,76,190,R
ramoswi01,Wilson,Ramos,36,73,241,R
rodrich01,Chris,Rodriguez,25,74,185,R
pireljo01,Jose,Pirela,34,72,220,R
barrefr02,Franklin,Barreto,27,70,208,R
perezsa02,Salvador,Perez,33,75,255,R
hernaen02,Enrique,Hernandez,32,71,190,R
senzeni01,Nick,Senzel,28,73,205,R
roblevi01,Victor,Robles,26,72,195,R
maytr01,Trevor,May,34,76,248,R
bricejo01,Jose,Briceno,31,73,225,R
shoemma01,Matt,Shoemaker,37,74,225,R
healyry01,Ryon,Healy,31,76,230,R
chargjt01,J. T.,Chargois,33,75,200,B
jonesta01,Taylor,Jones,30,79,230,R
herredi01,Dilson,Herrera,29,70,210,R
zuberty01,Tyler,Zuber,28,71,175,R
sborzjo01,Josh,Sborz,30,75,215,R
stephro01,Robert,Stephenson,30,75,205,R
stromma01,Marcus,Stroman,32,67,180,R
adducji02,Jim,Adduci,38,74,210,L
diazed04,Edwin,Diaz,29,75,207,R
freitda01,David,Freitas,34,74,250,R
gonzaos01,Oscar,Gonzalez,25,76,240,R
yarbrry01,Ryan,Yarbrough,32,77,205,R
colomal01,Alex,Colome,35,73,225,R
hernago01,Gorkys,Hernandez,36,73,196,R
gsellro01,Robert,Gsellman,30,76,200,R
guerrvl02,Vladimir,Guerrero,24,74,240,R
friedma01,Max,Fried,29,76,190,L
longsa01,Sam,Long,28,73,185,L
cabrege01,Genesis,Cabrera,27,74,180,L
pocheco01,Colin,Poche,29,75,225,L
hallda02,Darick,Hall,28,76,232,L
estrath01,Thairo,Estrada,27,70,185,R
mayzati01,Tim,Mayza,31,75,213,L
jimenda02,Dany,Jimenez,30,73,182,R
barretr01,Tres,Barrera,29,72,215,R
zimmejo02,Jordan,Zimmermann,37,74,225,R
colined01,Edwar,Colina,26,71,240,R
odorro01,Rougned,Odor,29,71,200,L
bruihju01,Justin,Bruihl,26,74,215,L
kolozma01,Mark,Kolozsvary,28,68,180,R
odorija01,Jake,Odorizzi,33,74,190,R
valdefr01,Framber,Valdez,30,71,239,R
gonsast01,Stephen,Gonsalves,29,77,215,L
larnatr01,Trevor,Larnach,26,76,223,L
santade01,Dennis,Santana,27,74,190,R
solakni01,Nick,Solak,28,71,185,R
romansa01,Sal,Romano,30,77,255,L
obrieri01,Riley,O'Brien,28,76,180,R
diazja01,Jairo,Diaz,32,72,254,R
diekmja01,Jake,Diekman,36,76,195,R
martida03,Davis,Martin,26,73,215,L
neshepa01,Pat,Neshek,43,75,220,B
deleojo03,Jose,De Leon,31,72,220,R
marveja01,James,Marvel,30,76,215,R
chaveje01,Jesse,Chavez,40,73,175,R
ozunama01,Marcell,Ozuna,33,73,225,R
rickajo01,Joey,Rickard,32,72,192,R
quinnro01,Roman,Quinn,30,70,175,B
sorokmi01,Mike,Soroka,26,77,225,R
locasti01,Tim,Locastro,31,73,200,R
naquity01,Tyler,Naquin,32,74,195,L
duranez01,Ezequiel,Duran,24,71,185,R
helslry01,Ryan,Helsley,29,74,230,R
harvejo01,Joe,Harvey,31,74,236,R
castrmi01,Miguel,Castro,29,79,201,R
albieoz01,Ozzie,Albies,26,68,165,B
castrro01,Rodolfo,Castro,24,72,205,B
vinceni01,Nick,Vincent,37,70,185,R
naughpa01,Packy,Naughton,27,74,195,R
mengdda01,Daniel,Mengden,30,73,215,R
marrede01,Deven,Marrero,33,72,190,R
lopesti01,Tim,Lopes,29,71,180,R
davisbr04,Brendon,Davis,26,76,185,R
lopezyo01,Yoan,Lopez,30,75,208,R
rogerta01,Taylor,Rogers,33,75,190,L
maldoma01,Martin,Maldonado,37,72,230,R
orourry01,Ryan,O'Rourke,35,75,230,R
kazmisc01,Scott,Kazmir,39,72,185,L
taylobl01,Blake,Taylor,28,75,220,L
pegueli01,Liover,Peguero,23,74,200,R
castrst01,Starlin,Castro,33,74,218,R
ohse01,Seunghwan,Oh,41,70,205,R
swaggtr01,Travis,Swaggerty,26,70,200,L
farmeky01,Kyle,Farmer,33,72,205,R
dahlda01,David,Dahl,29,74,197,L
hoernni01,Nico,Hoerner,26,73,200,R
cronke01,Kevin,Cron,30,77,255,R
mayfija01,Jack,Mayfield,33,71,190,R
rayco01,Corey,Ray,29,72,196,L
dunanjo01,Joe,Dunand,28,74,205,R
olsonty01,Tyler,Olson,34,75,205,R
marinro01,Ron,Marinaccio,28,74,205,R
rivasal01,Alfonso,Rivas,27,71,190,L
senzaan01,Antonio,Senzatela,28,73,236,R
frazito01,Todd,Frazier,37,75,215,R
petrija01,Jake,Petricka,35,76,218,R
leonedo01,Dominic,Leone,32,70,215,R
thornty01,Tyler,Thornburg,35,71,190,R
stratch01,Chris,Stratton,33,74,205,R
morgaad01,Adam,Morgan,33,73,200,L
yajurmi01,Miguel,Yajure,25,73,215,R
ramirne01,Neil,Ramirez,34,76,215,R
castilu03,Luis,Castillo,28,75,212,R
garciar01,Aramis,Garcia,30,73,228,R
diazjh01,Jhonathan,Diaz,27,72,170,L
gonzaca01,Carlos,Gonzalez,38,73,220,L
castier01,Erick,Castillo,30,71,178,R
suarero01,Robert,Suarez,32,74,210,R
newmake01,Kevin,Newman,30,72,195,R
garcilu05,Luis,Garcia,27,73,244,R
degeubr01,Brett,de Geus,26,74,190,R
francen01,Enderson,Franco,31,73,241,R
martelu02,Luis,Marte,30,73,188,R
rosarra01,Randy,Rosario,29,73,210,L
rutscad01,Adley,Rutschman,25,74,220,B
morimsh01,Shawn,Morimando,31,72,206,L
warreau01,Austin,Warren,27,72,170,R
deanau01,Austin,Dean,30,72,215,R
stefami01,Michael,Stefanic,27,70,180,R
archech01,Chris,Archer,35,74,195,R
canoro01,Robinson,Cano,41,72,228,L
dicksbr01,Brandon,Dickson,39,77,190,R
cishest01,Steve,Cishek,37,78,220,R
codyky01,Kyle,Cody,29,79,225,R
smithri01,Riley,Smith,28,73,207,R
pukaj01,A. J.,Puk,28,79,248,L
kniznan01,Andrew,Knizner,28,73,225,R
scottta02,Tayler,Scott,31,75,185,R
mateojo01,Jorge,Mateo,28,72,182,R
caratvi01,Victor,Caratini,30,73,215,B
honeybr01,Brent,Honeywell,28,74,195,R
steveca01,Cal,Stevenson,27,70,175,L
diazis01,Isan,Diaz,27,71,201,L
mazeipa01,Patrick,Mazeika,30,74,216,L
dunnmi01,Mike,Dunn,38,72,212,L
peterdj01,DJ,Peters,28,78,225,R
ucetaed01,Edwin,Uceta,25,72,155,R
youngal01,Alex,Young,30,75,220,L
raineta01,Tanner,Rainey,31,74,244,R
odayda01,Darren,O'Day,41,76,220,R
robindr01,Drew,Robinson,31,73,200,L
viladry01,Ryan,Vilade,24,74,226,R
zavalse01,Seby,Zavala,30,71,205,R
hudsoda02,Dakota,Hudson,29,77,215,R
nogowjo01,John,Nogowski,30,72,245,R
ynoahu01,Huascar,Ynoa,25,74,220,R
salech01,Chris,Sale,34,78,183,L
fiersmi01,Mike,Fiers,38,74,211,R
barrema03,Manny,Barreda,35,71,195,R
degroja01,Jacob,deGrom,35,76,185,L
margoma01,Manuel,Margot,29,71,180,R
puigya01,Yasiel,Puig,33,74,240,R
fraleja01,Jake,Fraley,28,72,195,L
obriepe04,Peter,O'Brien,33,76,225,R
sanchga02,Gary,Sanchez,31,74,230,R
shafeju01,Justin,Shafer,31,74,205,R
walkech02,Christian,Walker,32,72,208,R
montera01,Rafael,Montero,33,72,190,R
ticety01,Ty,Tice,27,69,185,L
norrida01,Daniel,Norris,30,74,207,L
hartlge01,Geoff,Hartlieb,30,77,240,R
moralfr02,Francisco,Morales,24,76,185,R
mendida01,Danny,Mendick,30,70,195,R
wrighky01,Kyle,Wright,28,76,215,R
payanpe01,Pedro,Payano,29,74,170,R
smithke04,Kevan,Smith,35,76,230,R
madribl01,Bligh,Madris,27,72,208,L
swarzan01,Anthony,Swarzak,38,76,215,R
moronre01,Reyes,Moronta,30,70,265,R
hanigmi01,Mitch,Haniger,33,74,214,R
zimmeky01,Kyle,Zimmer,32,75,225,R
lylesjo01,Jordan,Lyles,33,77,230,R
montgmi01,Mike,Montgomery,34,76,219,L
brashma01,Matt,Brash,25,73,173,R
phillbr02,Brett,Phillips,29,72,195,L
cobbal01,Alex,Cobb,36,75,205,R
heinesc01,Scott,Heineman,31,73,220,R
perdoan01,Angel,Perdomo,29,80,265,L
castijo03,Jose,Castillo,27,78,252,L
alvarfr01,Francisco,Alvarez,22,70,242,R
yelicch01,Christian,Yelich,32,75,195,L
lavasbr01,Bryan,Lavastida,25,72,200,R
diazal02,Aledmys,Diaz,33,73,195,R
rodrise01,Sean,Rodriguez,38,72,199,R
gagema01,Matt,Gage,30,75,265,L
brittza01,Zack,Britton,36,73,200,L
stoketr01,Troy,Stokes,27,69,205,R
broxtke01,Keon,Broxton,33,75,200,R
marchra01,Rafael,Marchan,24,69,170,B
aquinar01,Aristides,Aquino,29,76,220,R
brazohu01,Huascar,Brazoban,34,75,155,R
youngan02,Andrew,Young,29,72,196,R
peterdi01,Dillon,Peters,31,71,195,L
mcgeeja01,Jake,McGee,37,76,229,L
leonsa01,Sandy,Leon,34,70,235,B
garciri01,Rico,Garcia,29,69,201,R
moustmi01,Mike,Moustakas,35,72,225,L
bernawy01,Wynton,Bernard,33,74,195,R
vizcaar01,Arodys,Vizcaino,33,72,245,R
paddach01,Chris,Paddack,27,77,217,R
cruzon01,Oneil,Cruz,25,79,220,L
stephja01,Jackson,Stephens,29,74,220,R
flemijo01,Josh,Fleming,27,74,220,L
okeefbr01,Brian,O'Keefe,30,73,210,R
garliky01,Kyle,Garlick,31,73,210,R
dunnida01,Dane,Dunning,29,76,225,R
lemoija01,Jacob,Lemoine,30,77,220,R
cozarza01,Zack,Cozart,38,72,204,R
trammta01,Taylor,Trammell,26,74,220,L
doolise01,Sean,Doolittle,37,74,227,L
briesbe01,Beau,Brieske,25,75,200,R
centeju01,Juan,Centeno,34,69,195,L
flahery01,Ryan,Flaherty,37,75,205,L
wachami01,Michael,Wacha,32,78,215,R
uriasra01,Ramon,Urias,29,72,190,R
barrelu01,Luis,Barrera,28,72,195,L
megilty01,Tylor,Megill,28,79,241,R
feltnry01,Ryan,Feltner,27,76,190,R
jonesja08,Jahmai,Jones,26,72,210,R
polangr01,Gregory,Polanco,32,77,240,L
souzast01,Steven,Souza,34,76,225,R
peterda01,David,Peterson,28,78,236,L
bleieri01,Richard,Bleier,36,75,215,L
haysau01,Austin,Hays,28,72,205,R
rogertr01,Trevor,Rogers,26,77,217,L
gausmke01,Kevin,Gausman,32,74,205,L
smithjo09,Josh,Smith,26,70,172,L
urenari01,Richard,Urena,27,72,195,B
hellebe01,Ben,Heller,32,75,210,R
allenco01,Cody,Allen,35,73,210,R
cuetojo01,Johnny,Cueto,37,71,229,R
iglesjo01,Jose,Iglesias,33,71,195,R
warread01,Adam,Warren,36,73,224,R
schulja02,Jaime,Schultz,32,70,205,R
hernada02,Darwinzon,Hernandez,27,74,255,L
pintori01,Ricardo,Pinto,29,72,195,R
judgeaa01,Aaron,Judge,31,79,282,R
kellemi03,Mitch,Keller,27,74,220,R
alberan01,Andrew,Albers,38,73,200,R
pujolal01,Albert,Pujols,43,75,235,R
minayju01,Juan,Minaya,33,76,210,R
perezro02,Roberto,Perez,35,71,220,R
minteaj01,A. J.,Minter,30,72,215,L
hansoal01,Alen,Hanson,31,72,170,B
campber01,Eric,Campbell,36,75,215,R
hernael01,Elieser,Hernandez,28,72,214,R
wilsobr02,Bryse,Wilson,26,73,250,R
ravelra01,Rangel,Ravelo,31,73,235,R
ramsema01,Matt,Ramsey,34,71,210,R
dovalca01,Camilo,Doval,26,74,185,R
ervinph01,Phil,Ervin,31,70,207,R
cahiltr01,Trevor,Cahill,35,76,223,R
doziehu01,Hunter,Dozier,32,76,220,R
batybr01,Brett,Baty,24,75,211,L
lopezot01,Otto,Lopez,25,70,185,R
cowarka01,Kaleb,Cowart,31,75,225,B
leekh01,Khalil,Lee,25,71,220,L
criswco01,Cooper,Criswell,27,78,200,R
suarera01,Ranger,Suarez,28,73,217,L
readra01,Raudy,Read,30,72,235,R
heanean01,Andrew,Heaney,32,74,200,L
miranjo01,Jose,Miranda,25,74,210,R
leitema02,Mark,Leiter,32,72,210,R
gamelbe01,Ben,Gamel,31,71,180,L
feierry01,Ryan,Feierabend,38,75,225,L
neusesh01,Sheldon,Neuse,29,72,232,R
roech01,Chaz,Roe,37,77,190,R
celesgi01,Gilberto,Celestino,24,72,170,R
goldspa01,Paul,Goldschmidt,36,75,220,R
alvaryo01,Yordan,Alvarez,26,77,225,L
eliasro01,Roenis,Elias,35,73,205,L
armenro01,Rogelio,Armenteros,29,73,244,R
bonifjo01,Jorge,Bonifacio,30,73,220,R
alexaja01,Jason,Alexander,30,75,200,R
hernafe02,Felix,Hernandez,37,75,220,R
wainwad01,Adam,Wainwright,42,79,230,R
pivetni01,Nick,Pivetta,30,77,214,R
delosye01,Yerry,De Los Santos,26,74,215,R
luciael01,Elvis,Luciano,23,75,210,R
webblo01,Logan,Webb,27,73,220,R
godleza01,Zack,Godley,33,75,250,R
anderni01,Nick,Anderson,33,76,205,R
hechaad01,Adeiny,Hechavarria,34,72,195,R
jerezwi01,Williams,Jerez,31,76,210,L
davidma02,Matt,Davidson,32,75,230,R
mantijo01,Joe,Mantiply,32,76,219,R
poundbr01,Brooks,Pounders,33,77,265,R
stubbga01,Garrett,Stubbs,30,70,170,L
contrro01,Roansy,Contreras,24,72,175,R
lobatjo01,Jose,Lobaton,39,73,212,B
sedloco01,Cody,Sedlock,28,76,220,R
rookebr01,Brent,Rooker,29,76,225,R
bethach01,Christian,Bethancourt,32,75,205,R
bandaan01,Anthony,Banda,30,74,220,L
bumgama01,Madison,Bumgarner,34,76,257,R
machivi01,Vimael,Machin,30,71,185,L
kremede01,Dean,Kremer,27,74,200,R
castidi01,Diego,Castillo,29,75,268,R
lucrojo01,Jonathan,Lucroy,37,72,200,R
smithdw02,Dwight,Smith,31,72,210,L
hurstsc01,Scott,Hurst,27,70,175,L
keplema01,Max,Kepler,30,76,225,L
maderlu01,Luis,Madero,26,73,195,R
sierrma01,Magneuris,Sierra,27,71,178,L
riosed01,Edwin,Rios,29,75,220,L
quackke01,Kevin,Quackenbush,35,76,235,R
jungjo01,Josh,Jung,25,74,214,R
buxtoby01,Byron,Buxton,30,74,190,R
kreidry01,Ryan,Kreidler,26,76,208,R
snideco01,Collin,Snider,28,76,195,R
gallojo01,Joey,Gallo,30,77,250,L
joycema01,Matt,Joyce,39,74,194,L
harrimi04,Michael,Harris,22,72,195,L
jacksdr01,Drew,Jackson,30,74,200,R
aguilmi01,Miguel,Aguilar,32,68,194,L
mackida01,David,MacKinnon,29,74,200,R
matijjj01,J. J.,Matijevic,28,72,206,L
cyrty01,Tyler,Cyr,30,73,205,R
duranjh01,Jhoan,Duran,25,77,230,R
solerjo01,Jorge,Soler,31,76,235,R
heredgu01,Guillermo,Heredia,32,70,195,R
smithjo08,Josh,Smith,34,75,200,L
mattsis01,Isaac,Mattson,28,74,205,R
almoral01,Albert,Almora,29,74,190,R
suarejo01,Jose,Suarez,25,70,225,L
kloboga01,Gabe,Klobosits,28,80,254,L
engelad01,Adam,Engel,32,74,215,R
pilkiko01,Konnor,Pilkington,26,75,240,L
ryanjo04,Joe,Ryan,27,74,205,R
alfarjo01,Jorge,Alfaro,30,75,230,R
castada01,Daniel,Castano,29,75,231,L
osunaro01,Roberto,Osuna,28,74,217,R
martini01,Nick,Martinez,33,73,200,L
sawamhi01,Hirokazu,Sawamura,35,72,212,R
sobotch01,Chad,Sobotka,30,79,225,R
jamesjo02,Josh,James,30,75,234,R
kellyca02,Carson,Kelly,29,74,212,R
peterdu01,Dustin,Peterson,29,74,210,R
lasteto01,Tommy,La Stella,34,71,180,L
kenneia01,Ian,Kennedy,39,72,210,R
sippto01,Tony,Sipp,40,72,190,L
braulst01,Steven,Brault,31,72,195,L
tatedi01,Dillon,Tate,29,74,195,R
pazosja01,James,Pazos,32,74,252,R
molinya01,Yadier,Molina,41,71,225,R
wallsta01,Taylor,Walls,27,70,185,B
tanakma01,Masahiro,Tanaka,35,75,218,R
flaaja01,Jay,Flaa,31,75,225,R
spangco01,Cory,Spangenberg,32,72,195,L
clemeko01,Kody,Clemens,27,73,200,L
hicksaa01,Aaron,Hicks,34,73,205,B
braunry02,Ryan,Braun,40,74,205,R
federti01,Tim,Federowicz,36,70,215,R
melenmj01,MJ,Melendez,25,73,190,L
cordefr02,Franchy,Cordero,29,75,226,L
monteel01,Elehuris,Montero,25,75,235,R
javiecr01,Cristian,Javier,26,73,213,R
kittran01,Andrew,Kittredge,33,73,230,R
halldl01,DL,Hall,25,74,195,L
milleia01,Ian,Miller,31,72,170,L
arenano01,Nolan,Arenado,32,74,215,R
bannory01,Rylan,Bannon,27,68,180,R
chapmma01,Matt,Chapman,30,72,215,R
bichebo01,Bo,Bichette,25,72,190,R
brownse01,Seth,Brown,31,73,223,L
kirilal01,Alex,Kirilloff,26,73,215,L
kintzbr01,Brandon,Kintzler,39,70,200,R
confomi01,Michael,Conforto,30,73,215,L
grimmju01,Justin,Grimm,35,75,210,R
gibsoky01,Kyle,Gibson,36,78,215,R
robinch03,Chuckie,Robinson,29,71,221,R
mendeyo01,Yohander,Mendez,28,76,230,L
clevimi01,Mike,Clevinger,33,76,215,R
florody01,Dylan,Floro,33,74,203,L
kopecmi01,Michael,Kopech,27,75,210,R
palacri01,Richie,Palacios,26,70,180,L
varlalo01,Louie,Varland,26,73,205,L
alberha01,Hanser,Alberto,31,71,215,R
nunezda01,Darien,Nunez,30,74,205,L
gustaja01,Jandel,Gustave,31,75,220,R
rhameja01,Jacob,Rhame,30,73,215,R
camarjo01,Johan,Camargo,30,72,195,B
thompbu01,Bubba,Thompson,25,74,197,R
escobal02,Alcides,Escobar,37,73,205,R
fairbpe01,Pete,Fairbanks,30,78,225,R
leeko01,Korey,Lee,25,74,210,R
florewi01,Wilmer,Flores,32,74,213,R
francbo01,Bowden,Francis,27,77,220,R
ashbyaa01,Aaron,Ashby,25,74,181,R
hessda01,David,Hess,30,73,215,R
fraziad01,Adam,Frazier,32,70,181,L
salasfe01,Fernando,Salas,38,74,200,R
bridejo01,Jonah,Bride,28,70,200,R
delpomi01,Miguel,Del Pozo,31,73,205,L
reyespa01,Pablo,Reyes,30,68,175,R
morelch01,Christopher,Morel,24,72,140,R
matonni01,Nick,Maton,26,74,178,L
grullde01,Deivy,Grullon,27,71,240,R
barreja01,Jake,Barrett,32,76,240,R
bardda01,Daniel,Bard,38,76,215,R
guilllu01,Luis,Guillorme,29,69,209,L
katohgo01,Gosuke,Katoh,29,73,200,L
smithdo02,Dominic,Smith,28,72,222,L
trumbma01,Mark,Trumbo,37,76,225,R
mollsa01,Sam,Moll,31,69,190,L
moralke01,Kendrys,Morales,40,73,242,B
barneto01,Tony,Barnette,40,73,190,R
bemboan01,Anthony,Bemboom,33,74,200,L
beeksja01,Jalen,Beeks,30,71,200,L
hendegu01,Gunnar,Henderson,22,74,210,L
hendrry01,Ryan,Hendrix,29,75,215,R
martiru01,Russell,Martin,40,70,215,R
ariasga01,Gabriel,Arias,23,73,217,R
deshide02,Delino,DeShields,31,69,190,R
anderch01,Chase,Anderson,36,73,210,R
ramirro02,Roel,Ramirez,28,72,235,R
bendean01,Anthony,Bender,28,76,205,R
jonesna01,Nate,Jones,37,77,230,R
tomka01,Ka'ai,Tom,29,69,185,L
ramirjc01,J. C.,Ramirez,35,76,220,R
milleow01,Owen,Miller,27,72,185,R
warrear01,Art,Warren,30,75,230,R
ruizes01,Esteury,Ruiz,24,72,169,R
russead02,Addison,Russell,29,72,200,R
kinslia01,Ian,Kinsler,41,72,200,R
beedety01,Tyler,Beede,30,74,216,R
reetzja01,Jakson,Reetz,27,72,205,R
vaughan01,Andrew,Vaughn,25,72,215,R
grichra01,Randal,Grichuk,32,74,216,R
lemahdj01,DJ,LeMahieu,35,76,220,R
rayro02,Robbie,Ray,32,74,225,L
doyleto01,Tommy,Doyle,27,78,244,R
grayjo03,Josiah,Gray,26,73,199,R
ortegra01,Rafael,Ortega,32,71,180,L
blackch02,Charlie,Blackmon,37,75,221,L
nevinty01,Tyler,Nevin,26,76,225,R
hildetr01,Trevor,Hildenberger,33,74,205,R
grotzza01,Zac,Grotz,30,74,195,R
ynoaga01,Gabriel,Ynoa,30,74,205,R
alcaljo01,Jorge,Alcala,28,75,205,R
barnech01,Charlie,Barnes,28,74,190,L
bowmama01,Matthew,Bowman,32,72,185,R
roberet01,Ethan,Roberts,26,70,180,R
gonsoto01,Tony,Gonsolin,29,75,205,R
kimbrcr01,Craig,Kimbrel,35,71,215,R
willita01,Taylor,Williams,32,71,185,B
fargajo01,Johneshwy,Fargas,29,73,180,R
vottojo01,Joey,Votto,40,74,220,L
rivaswe01,Webster,Rivas,33,73,219,R
mccanja02,James,McCann,33,74,232,R
kimkw01,Kwang Hyun,Kim,35,74,195,L
plesaza01,Zach,Plesac,28,75,220,R
gittech01,Chris,Gittens,29,76,250,R
fontwi01,Wilmer,Font,33,76,255,R
holdejo02,Jonathan,Holder,30,74,232,R
suzukse01,Seiya,Suzuki,29,71,182,R
millebr03,Brian,Miller,28,73,196,L
danisty01,Tyler,Danish,29,72,200,R
snellbl01,Blake,Snell,31,76,225,L
krizaja01,Jason,Krizan,34,72,185,L
yamamjo01,Jordan,Yamamoto,27,71,201,R
croncj01,C. J.,Cron,33,76,235,R
sandeph01,Phoenix,Sanders,28,70,205,R
kingesc01,Scott,Kingery,29,70,180,R
hergeji01,Jimmy,Herget,30,75,170,R
thomaco01,Cody,Thomas,29,76,211,L
hanhoer01,Eric,Hanhold,30,77,210,R
vendipa01,Pat,Venditte,38,72,186,L
encarje01,Jerar,Encarnacion,26,76,250,R
gagnodr01,Drew,Gagnon,33,76,215,R
johnsbr03,Bryce,Johnson,28,73,195,B
sanchca01,Carlos,Sanchez,31,72,210,B
ortizlu03,Luis,Ortiz,24,74,240,R
wilesco01,Collin,Wiles,29,76,222,R
poseybu01,Buster,Posey,36,73,213,R
rodnefe01,Fernando,Rodney,46,71,240,R
wilsoju10,Justin,Wilson,36,74,205,L
hicksjo02,John,Hicks,34,74,230,R
ceasedy01,Dylan,Cease,28,74,195,R
gushuta01,Taylor,Gushue,30,73,224,B
goodrni01,Niko,Goodrum,31,75,215,B
smithjo05,Joe,Smith,39,74,211,R
duggero01,Robert,Dugger,28,72,198,R
contrma01,Mark,Contreras,28,72,195,L
richatr01,Trevor,Richards,30,74,205,R
happia01,Ian,Happ,29,72,205,B
bellico01,Cody,Bellinger,28,76,203,L
buttrty01,Ty,Buttrey,30,78,240,L
megiltr01,Trevor,Megill,30,80,250,L
reyesfr01,Franmil,Reyes,28,77,265,R
melanma01,Mark,Melancon,38,73,215,R
riverse01,Sebastian,Rivero,25,73,210,R
nimmobr01,Brandon,Nimmo,30,75,202,L
nelsoji02,Jimmy,Nelson,34,78,250,R
howarsp01,Spencer,Howard,27,75,210,R
grandya01,Yasmani,Grandal,35,74,225,B
langeal01,Alex,Lange,28,75,202,R
frypa01,Paul,Fry,31,72,205,L
perezca03,Carlos,Perez,27,71,205,R
milonto01,Tommy,Milone,36,72,215,L
cruzne02,Nelson,Cruz,43,74,230,R
garrebr01,Braxton,Garrett,26,74,202,R
porceri01,Rick,Porcello,35,77,205,R
jeffery01,Ryan,Jeffers,26,76,235,R
bassan01,Anthony,Bass,36,74,205,R
martini02,Nick,Martini,33,71,205,L
guerrja01,Javy,Guerra,38,73,215,R
anderju01,Justin,Anderson,31,75,230,L
hicksjo03,Jordan,Hicks,27,74,220,R
murphto04,Tom,Murphy,32,73,206,R
smithjo07,Josh,Smith,36,74,210,R
deverra01,Rafael,Devers,27,72,240,L
riosya01,Yacksel,Rios,30,75,215,R
rodrijo04,Joely,Rodriguez,32,73,200,L
raleylu01,Luke,Raley,29,76,235,L
romanjo03,Jordan,Romano,30,77,210,R
bolanro01,Ronald,Bolanos,27,74,230,R
blandal01,Alex,Blandino,31,72,190,R
ortka01,Kaleb,Ort,31,76,240,R
krugeja01,Jack,Kruger,29,73,195,R
diazye01,Yennsy,Diaz,27,72,216,R
basablu01,Luis Alexander,Basabe,27,72,180,B
duvalad01,Adam,Duvall,35,73,215,R
diazle01,Lewin,Diaz,27,76,217,L
pearcst01,Steve,Pearce,40,71,200,R
whitlko01,Kodi,Whitley,28,75,220,R
johnsdj01,DJ,Johnson,34,76,230,L
jonesda07,Damon,Jones,29,77,233,L
henslda01,David,Hensley,27,78,190,R
mortoch02,Charlie,Morton,40,77,215,R
yepezju01,Juan,Yepez,25,73,200,R
grateju01,Juan,Graterol,34,73,225,R
musgrjo01,Joe,Musgrove,31,77,230,R
strahma01,Matt,Strahm,32,74,190,R
gilmase01,Sean,Gilmartin,33,74,205,L
bensowi01,Will,Benson,25,77,230,L
kangju01,Jung Ho,Kang,36,72,210,R
tatisfe02,Fernando,Tatis,24,75,217,R
sogarer01,Eric,Sogard,37,70,180,L
effrosc01,Scott,Effross,30,74,202,R
tejedan01,Anderson,Tejeda,25,72,200,B
fryja01,Jace,Fry,30,73,209,L
guilbta01,Taylor,Guilbeau,30,76,187,L
campulu01,Luis,Campusano,25,71,232,R
tuckeco01,Cole,Tucker,27,75,200,B
littlbr02,Brendon,Little,27,74,195,L
weathry01,Ryan,Weathers,24,73,230,R
alonspe01,Pete,Alonso,29,74,253,R
neideni01,Nick,Neidert,27,73,202,R
fillmhe01,Heath,Fillmyer,29,73,195,R
stameer01,Eric,Stamets,32,72,183,R
contrwi01,Willson,Contreras,31,73,225,R
turnbsp01,Spencer,Turnbull,31,75,210,R
appelma01,Mark,Appel,32,77,220,R
vierlma01,Matt,Vierling,27,75,205,R
avilalu01,Luis,Avilan,34,74,235,L
rossmbu01,Bubby,Rossman,31,77,220,B
thielca01,Caleb,Thielbar,36,72,205,R
lestejo02,Josh,Lester,29,75,180,L
davisja03,Jaylin,Davis,29,71,205,R
garcied01,Edgar,Garcia,27,73,205,R
guerrde01,Deolis,Guerra,34,77,245,R
stripro01,Ross,Stripling,34,73,215,R
anderdr02,Drew,Anderson,29,75,205,R
baragca01,Caleb,Baragar,29,75,215,R
harpery01,Ryne,Harper,34,75,217,R
brennbr01,Brandon,Brennan,32,76,207,R
baderha01,Harrison,Bader,29,72,210,R
caveja01,Jake,Cave,31,72,200,L
garcibr01,Bryan,Garcia,28,73,205,R
feddeer01,Erick,Fedde,30,76,203,R
vavrate01,Terrin,Vavra,26,73,200,L
boshebu01,Buddy,Boshers,35,75,222,L
kingmi01,Mike,King,28,75,210,R
daytogr01,Grant,Dayton,36,74,210,L
mccutan01,Andrew,McCutchen,37,71,195,R
vilorme01,Meibrys,Viloria,26,71,225,L
carpeke01,Kerry,Carpenter,26,74,220,L
quijajo01,Jose,Quijada,28,71,215,L
handbr01,Brad,Hand,33,75,224,L
lindbjo01,Josh,Lindblom,36,76,240,R
castidi02,Diego,Castillo,26,71,185,R
abreual01,Albert,Abreu,28,74,190,R
hillga02,Garrett,Hill,27,72,185,R
torregl01,Gleyber,Torres,27,73,205,R
jaxgr01,Griffin,Jax,29,74,195,R
mayermi01,Mike,Mayers,32,74,220,R
gantjo01,John,Gant,31,76,200,R
davisch02,Chris,Davis,37,76,255,L
flowety01,Tyler,Flowers,37,76,260,R
avilaal01,Alex,Avila,36,71,228,L
phillev01,Evan,Phillips,29,74,215,R
jeffrje01,Jeremy,Jeffress,36,72,205,R
clarkta01,Taylor,Clarke,30,76,217,R
axforjo01,John,Axford,40,77,234,R
corbipa01,Patrick,Corbin,34,76,222,L
kayan01,Anthony,Kay,28,72,225,L
padloke01,Kevin,Padlo,27,74,210,R
mejiahu01,Humberto,Mejia,26,76,244,R
harriwi02,Will,Harris,39,76,234,R
kaminro01,Rob,Kaminsky,29,72,195,R
paytoma01,Mark,Payton,32,68,180,L
hoyinja01,Jared,Hoying,34,75,205,L
mercaos01,Oscar,Mercado,29,74,197,R
hamelco01,Cole,Hamels,40,76,205,L
gomezca01,Carlos,Gomez,38,75,220,R
voitlu01,Luke,Voit,32,75,255,R
northaa01,Aaron,Northcraft,33,75,229,R
hayeske01,Ke'Bryan,Hayes,26,70,205,R
schrejo01,John,Schreiber,29,74,210,R
evansde01,Demarcus,Evans,27,77,265,R
coleta01,Taylor,Cole,34,73,200,R
velazne01,Nelson,Velazquez,25,72,200,R
kratzer01,Erik,Kratz,43,76,250,R
gibauia01,Ian,Gibaut,30,75,250,R
hudsoda01,Daniel,Hudson,36,75,215,R
webbja01,Jacob,Webb,30,74,210,R
kwanst01,Steven,Kwan,26,69,170,L
benjawe01,Wes,Benjamin,30,74,210,R
shawch01,Chris,Shaw,30,76,220,L
beaslje01,Jeremy,Beasley,28,74,235,R
zamorda01,Daniel,Zamora,30,75,195,L
poppese01,Sean,Poppen,29,75,210,R
duggast01,Steven,Duggar,30,73,187,L
gavigsa01,Sam,Gaviglio,33,73,215,R
carlesh01,Shane,Carle,32,76,210,R
reedja02,Jake,Reed,31,74,197,R
milneho01,Hoby,Milner,32,75,175,L
stephtr01,Trevor,Stephan,28,77,225,R
bradlbo01,Bobby,Bradley,27,73,225,L
kellesh01,Shawn,Kelley,39,74,237,R
moniami01,Mickey,Moniak,25,74,195,L
gennesc01,Scooter,Gennett,33,70,185,L
storytr01,Trevor,Story,31,74,213,R
lynchda02,Daniel,Lynch,27,78,200,L
marcatu01,Tucupita,Marcano,24,72,180,L
castran02,Anthony,Castro,28,74,185,R
sherfji01,James,Sherfy,32,72,175,R
kirbyge01,George,Kirby,25,76,215,R
hermomi01,Michael,Hermosillo,28,72,205,R
kimha01,Ha-Seong,Kim,28,69,168,R
scherma01,Max,Scherzer,39,75,208,R
bertijo01,Jon,Berti,33,70,190,R
wynnsau01,Austin,Wynns,33,72,190,R
garciyi01,Yimi,Garcia,33,73,230,R
adamja01,Jason,Adam,32,75,229,R
reksza01,Zach,Reks,30,74,190,L
gilbety01,Tyler,Gilbert,30,75,223,L
leyerro01,Robinson,Leyer,30,74,185,R
happja01,J. A.,Happ,41,77,205,L
tarplst01,Stephen,Tarpley,30,72,202,R
heathni01,Nick,Heath,30,73,190,L
reiniza01,Zac,Reininger,30,75,190,B
giambtr01,Trent,Giambrone,30,68,175,R
banuema01,Manny,Banuelos,32,70,215,R
smallet01,Ethan,Small,26,76,215,L
ridinst01,Stephen,Ridings,28,80,220,R
woodssi01,Simeon,Woods Richardson,23,75,210,R
stewabr01,Brock,Stewart,32,75,220,L
beninan01,Andrew,Benintendi,29,69,180,L
banksta01,Tanner,Banks,32,73,210,R
ruizri01,Rio,Ruiz,29,74,220,L
morejad01,Adrian,Morejon,24,71,224,L
lintz01,Tzu-Wei,Lin,29,69,180,L
delacbr01,Bryan,De La Cruz,27,74,175,R
freesda01,David,Freese,40,74,213,R
wilkeaa01,Aaron,Wilkerson,34,74,230,R
sandlni01,Nick,Sandlin,26,71,175,R
holloga01,Gavin,Hollowell,26,79,215,R
chishja01,Jazz,Chisholm,25,71,184,L
evansph01,Phillip,Evans,31,70,210,R
vieirth01,Thyago,Vieira,30,74,210,R
haggesa01,Sam,Haggerty,29,71,175,B
greenri02,Riley,Greene,23,75,200,L
rodride01,Dereck,Rodriguez,31,72,208,R
oviedjo01,Johan,Oviedo,25,77,245,R
oberba01,Bailey,Ober,28,81,260,R
sewalpa01,Paul,Sewald,33,75,219,R
callal01,Alex,Call,29,71,188,R
paulida01,David,Paulino,29,78,240,R
ferguca01,Caleb,Ferguson,27,75,226,R
osunajo01,Jose,Osuna,31,74,235,R
fowlede01,Dexter,Fowler,37,77,205,B
foxlu01,Lucius,Fox,26,73,192,B
hughebr01,Brandon,Hughes,28,74,225,B
weberry01,Ryan,Weber,33,73,175,R
nelsory01,Ryne,Nelson,25,75,184,R
olivaed02,Edward,Olivares,27,74,190,R
dejonpa01,Paul,DeJong,30,72,205,R
greenhu01,Hunter,Greene,24,77,230,R
davieza01,Zach,Davies,30,72,180,R
waddebr01,Brandon,Waddell,29,75,180,L
shephch01,Chandler,Shepherd,31,73,215,R
baezmi01,Michel,Baez,27,80,220,R
shawtr01,Travis,Shaw,33,76,230,L
mitchbr01,Bryan,Mitchell,32,74,215,L
jimenel02,Eloy,Jimenez,27,76,240,R
leclejo01,Jose,Leclerc,30,72,195,R
odomjo01,Joseph,Odom,31,74,215,R
freelky01,Kyle,Freeland,30,76,204,L
reynobr01,Bryan,Reynolds,28,75,205,B
cabreos01,Oswaldo,Cabrera,24,72,200,B
capravi01,Vinny,Capra,27,68,175,R
travisa01,Sam,Travis,30,72,220,R
davista01,Taylor,Davis,34,70,200,R
lewisro02,Royce,Lewis,24,74,200,R
gotttr01,Trevor,Gott,31,70,182,R
bradiky01,Kyle,Bradish,27,76,220,R
yacabji01,Jimmy,Yacabonis,31,75,225,R
haselad01,Adam,Haseley,27,73,190,L
papiemi01,Michael,Papierski,27,75,224,B
lockean01,Walker,Lockett,29,77,225,R
castiiv01,Ivan,Castillo,28,69,179,B
crawfjp01,J. P.,Crawford,28,74,202,L
nidoto01,Tomas,Nido,29,72,228,R
hernada01,David,Hernandez,38,75,245,R
valdeph01,Phillips,Valdez,32,74,160,R
willitr01,Trevor,Williams,31,75,232,R
dorowry01,Ryan,Dorow,28,72,195,R
canoye01,Yennier,Cano,29,76,185,R
martiad01,Adrian,Martinez,27,74,215,R
detmere01,Reid,Detmers,24,74,210,L
contrwi02,William,Contreras,26,72,180,R
pruitau01,Austin,Pruitt,34,71,185,R
duranja01,Jarren,Duran,27,74,212,L
rodrima01,Manuel,Rodriguez,27,71,210,R
baddoak01,Akil,Baddoo,25,73,214,L
buchtry01,Ryan,Buchter,36,76,230,L
hernaca04,Carlos,Hernandez,26,76,245,R
rusinch01,Chris,Rusin,37,74,200,L
bettich01,Chad,Bettis,34,72,201,R
bednada01,David,Bednar,29,73,250,L
brubajt01,JT,Brubaker,30,75,185,R
eshelto01,Thomas,Eshelman,29,74,225,R
garciro03,Rony,Garcia,26,75,200,R
adamecr01,Cristhian,Adames,32,71,217,B
harrijo05,Josh,Harrison,36,68,190,R
greensh02,Shane,Greene,35,76,200,R
grossro01,Robbie,Grossman,34,72,209,B
woodrbr01,Brandon,Woodruff,30,76,243,L
baezsa01,Sandy,Baez,30,74,219,R
whiteev01,Evan,White,27,75,219,R
rileyau01,Austin,Riley,26,75,240,R
raleica01,Cal,Raleigh,27,75,235,B
mcdonmi01,Mickey,McDonald,28,74,175,B
palacjo01,Josh,Palacios,28,73,200,L
zeuchtj01,T. J.,Zeuch,28,79,245,R
sanomi01,Miguel,Sano,30,76,272,R
maedake01,Kenta,Maeda,35,73,185,R
gimenan01,Andres,Gimenez,25,71,161,L
wongko01,Kolten,Wong,33,67,185,L
grandcu01,Curtis,Granderson,42,73,200,L
mcbrory01,Ryan,McBroom,31,75,220,R
akiyash01,Shogo,Akiyama,35,72,182,L
villada01,David,Villar,26,73,215,R
uriaslu01,Luis,Urias,26,69,186,R
sotoju01,Juan,Soto,25,74,224,L
barreaa01,Aaron,Barrett,35,75,230,R
margeni01,Nick,Margevicius,27,77,225,L
williju02,Justin,Williams,28,73,235,L
garrere01,Reed,Garrett,30,74,196,R
arroych01,Christian,Arroyo,28,73,210,R
gombeau01,Austin,Gomber,30,77,220,L
meadoau01,Austin,Meadows,28,75,225,L
santaca01,Carlos,Santana,37,71,215,B
correca01,Carlos,Correa,29,76,220,R
gourryu01,Yuli,Gurriel,39,72,215,R
pomerdr01,Drew,Pomeranz,35,77,246,R
munozan01,Andres,Munoz,24,74,222,R
solomja01,Jared,Solomon,26,74,200,R
mulleky01,Kyle,Muller,26,79,250,R
clippty01,Tyler,Clippard,38,75,200,R
montebr01,Bryce,Montes de Oca,27,79,266,R
eadesry01,Ryan,Eades,32,74,210,R
stroppe01,Pedro,Strop,38,73,220,R
hendrky01,Kyle,Hendricks,34,75,190,R
seaboco01,Connor,Seabold,27,74,190,R
houckta01,Tanner,Houck,27,77,230,R
hollagr01,Greg,Holland,38,70,210,R
plassmi01,Michael,Plassmeyer,27,74,197,L
sanchri01,Ricardo,Sanchez,26,70,220,L
sandsco01,Cole,Sands,26,75,215,R
olivaja01,Jared,Oliva,28,74,200,R
jacksal02,Alex,Jackson,28,74,215,R
shrevch01,Chasen,Shreve,33,76,180,L
luzarje01,Jesus,Luzardo,26,72,218,L
chiriro01,Robinson,Chirinos,39,73,220,R
smithwi05,Will,Smith,28,70,195,R
cisnejo01,Jose,Cisnero,34,75,258,R
graveke01,Kendall,Graveman,33,74,200,R
alonsyo01,Yonder,Alonso,36,73,230,L
murphjr01,J. R.,Murphy,32,71,200,R
holmecl01,Clay,Holmes,30,77,245,R
grifffo01,Foster,Griffin,28,75,225,R
luxga01,Gavin,Lux,26,74,190,L
cabreed02,Edward,Cabrera,25,77,217,R
thompke02,Keegan,Thompson,28,74,210,R
lopezpa01,Pablo,Lopez,27,76,225,L
mancitr01,Trey,Mancini,31,75,230,R
zimmebr02,Bruce,Zimmermann,28,73,215,L
hernajo02,Jonathan,Hernandez,27,75,190,R
burrobe01,Beau,Burrows,27,74,210,R
paxtoja01,James,Paxton,35,76,227,L
garcile02,Leury,Garcia,32,68,190,B
henryto01,Tommy,Henry,26,75,205,L
moorean02,Andrew,Moore,29,72,195,R
kellyza01,Zack,Kelly,28,75,205,R
silsech01,Chase,Silseth,23,72,217,R
kikucyu01,Yusei,Kikuchi,32,72,205,L
felizne01,Neftali,Feliz,35,75,235,R
zimmebr01,Bradley,Zimmer,31,76,185,L
assadja01,Javier,Assad,26,73,200,R
stammcr01,Craig,Stammen,39,74,228,R
gratebr01,Brusdar,Graterol,25,73,265,R
newcose01,Sean,Newcomb,30,77,255,L
kelake01,Keone,Kela,30,73,220,R
adamsau01,Austin,Adams,37,71,205,R
kowarja01,Jackson,Kowar,27,77,200,R
joeco01,Connor,Joe,31,72,205,R
indiajo01,Jonathan,India,27,72,200,R
casastr01,Triston,Casas,23,76,252,L
iveyty01,Tyler,Ivey,27,76,195,R
castiwi01,Wilkin,Castillo,39,72,215,B
lambja01,Jake,Lamb,33,75,215,L
castilu02,Luis,Castillo,31,74,200,R
espinan01,Anderson,Espinoza,25,72,208,R
sotoel01,Elliot,Soto,34,69,160,R
francma02,Maikel,Franco,31,73,225,R
stanery01,Ryne,Stanek,32,76,226,R
nunezre01,Renato,Nunez,29,73,220,R
trevijo01,Jose,Trevino,31,70,215,R
kellyjo05,Joe,Kelly,35,73,174,R
luetglu01,Lucas,Luetge,36,76,205,L
riverem01,Emmanuel,Rivera,27,74,225,R
baezpe01,Pedro,Baez,35,72,232,R
phelpda01,David,Phelps,37,74,200,R
verlaju01,Justin,Verlander,40,77,235,R
nittovi01,Vinny,Nittoli,33,73,210,R
marshbr02,Brandon,Marsh,26,76,215,L
hillisa01,Sam,Hilliard,29,77,236,L
rosscza01,Zac,Rosscup,35,74,220,R
barneau01,Austin,Barnes,34,70,187,R
teherju01,Julio,Teheran,32,74,205,R
jimenjo02,Joe,Jimenez,28,75,277,R
bielabr01,Brandon,Bielak,27,74,208,L
janseda01,Danny,Jansen,28,74,215,R
mcclash01,Shane,McClanahan,26,73,200,L
skolema01,Matt,Skole,34,76,220,L
lopezja03,Jack,Lopez,31,70,160,R
gordode01,Dee,Strange-Gordon,35,71,166,L
swarmma01,Matt,Swarmer,30,77,195,R
groshjo01,Jordan,Groshans,24,75,200,R
felicma01,Mario,Feliciano,25,73,200,R
hutchdr01,Drew,Hutchison,33,75,215,L
parkeja03,Jarrett,Parker,34,76,225,L
ottavad01,Adam,Ottavino,38,77,246,B
nolaau01,Austin,Nola,34,72,197,R
encared01,Edwin,Encarnacion,40,73,230,R
gerbemi01,Mike,Gerber,31,72,183,L
wongco01,Connor,Wong,27,73,181,R
hernaya01,Yadiel,Hernandez,36,70,197,L
urshegi01,Gio,Urshela,32,72,215,R
perazjo01,Jose,Peraza,29,72,210,R
terrycu01,Curtis,Terry,27,74,258,R
burdini01,Nick,Burdi,30,75,225,R
calhowi01,Willie,Calhoun,29,68,200,L
torrelu01,Luis,Torrens,27,72,217,R
nerishe01,Hector,Neris,34,74,227,R
phamth01,Tommy,Pham,35,73,223,R
tapiara01,Raimel,Tapia,29,75,175,L
maybica01,Cameron,Maybin,36,75,215,R
edmanto01,Tommy,Edman,28,70,180,B
woodswi01,William,Woods,25,75,190,R
windejo01,Josh,Winder,27,77,210,R
holtbr01,Brock,Holt,35,68,180,L
wickro01,Rowan,Wick,31,75,234,L
claseem01,Emmanuel,Clase,25,74,206,R
trivilo01,Lou,Trivino,32,77,235,R
valaipa01,Pat,Valaika,31,72,200,R
beatyma01,Matt,Beaty,30,72,215,L
perezci01,Cionel,Perez,27,71,162,R
claysa01,Sam,Clay,30,75,238,L
lyonsty01,Tyler,Lyons,35,74,210,L
herreod01,Odubel,Herrera,32,71,200,L
lodolni01,Nick,Lodolo,25,78,205,L
reaco01,Colin,Rea,33,77,235,R
gardnbr01,Brett,Gardner,40,71,195,L
diazel01,Elias,Diaz,33,73,223,R
flories01,Estevan,Florial,26,73,195,L
adelljo01,Jo,Adell,24,75,215,R
vanmejo01,Josh,VanMeter,28,71,194,L
farrelu01,Luke,Farrell,32,78,200,L
kilomfr01,Franklyn,Kilome,28,78,175,R
strichu01,Hunter,Strickland,35,75,225,R
martile01,Leonys,Martin,35,74,200,L
plaweke01,Kevin,Plawecki,32,74,208,R
romerjh01,Jhon,Romero,28,70,195,R
ramosed02,Edubray,Ramos,31,72,232,R
okertst01,Steven,Okert,32,74,202,L
rosaram01,Amed,Rosario,28,74,190,R
knehrre01,Reiss,Knehr,27,74,205,L
rowenbe01,Ben,Rowen,35,76,200,R
menesjo01,Joey,Meneses,31,75,215,R
walkeje02,Jeremy,Walker,28,77,235,R
familje01,Jeurys,Familia,34,75,240,R
schwaky01,Kyle,Schwarber,30,72,229,L
lorenmi01,Michael,Lorenzen,31,75,217,R
chacijh01,Jhoulys,Chacin,35,75,215,R
jannimi01,Mickey,Jannis,36,69,195,R
fermifr01,Freddy,Fermin,28,70,200,R
rodrini01,Nivaldo,Rodriguez,26,73,214,R
garcilu04,Luis,Garcia,23,74,212,L
lynnla01,Lance,Lynn,36,77,270,B
stassma01,Max,Stassi,32,70,200,R
lametdi01,Dinelson,Lamet,31,75,228,R
civalaa01,Aaron,Civale,28,74,215,R
rodgebr01,Brady,Rodgers,33,74,215,R
germafr02,Franklin,German,26,74,195,R
shuckja01,JB,Shuck,36,71,195,L
birdja01,Jake,Bird,28,75,200,R
sparkgl01,Glenn,Sparkman,31,74,215,R
choosh01,Shin-Soo,Choo,41,71,205,L
medinad01,Adonis,Medina,27,73,187,R
goudeas01,Ashton,Goudeau,31,78,220,R
welkeco01,Colton,Welker,26,73,235,R
blachty01,Ty,Blach,33,73,215,R
steersp01,Spencer,Steer,26,71,185,R
stewach02,Christin,Stewart,30,72,220,L
drurybr01,Brandon,Drury,31,74,230,R
bautife01,Felix,Bautista,28,77,190,R
nottija01,Jacob,Nottingham,28,74,220,R
holdeco01,Colin,Holderman,28,79,225,R
gregelu01,Luke,Gregerson,39,75,205,L
hillca02,Cam,Hill,29,73,200,R
falteba01,Bailey,Falter,26,76,175,R
camerda01,Daz,Cameron,26,74,185,R
ruizjo01,Jose,Ruiz,29,73,245,R
tetreja01,Jackson,Tetreault,27,77,189,R
longoev01,Evan,Longoria,38,73,213,R
bourju01,Justin,Bour,35,76,270,L
moorema02,Matt,Moore,34,75,210,L
heywaja01,Jason,Heyward,34,77,240,L
skogler01,Eric,Skoglund,31,79,215,L
millswy01,Wyatt,Mills,28,76,214,R
walkene01,Neil,Walker,38,74,214,B
yardler01,Eric,Yardley,33,72,170,R
fernaju01,Junior,Fernandez,26,75,215,R
velazan01,Andrew,Velazquez,29,69,170,B
palkada01,Daniel,Palka,32,74,241,L
vientma01,Mark,Vientos,24,75,220,R
araujpe01,Pedro,Araujo,30,75,215,R
uelmeer01,Erich,Uelmen,27,75,210,R
calhoko01,Kole,Calhoun,36,70,205,L
pinedis01,Israel,Pineda,23,71,188,R
fulmemi01,Michael,Fulmer,30,75,224,R
reyesvi01,Victor,Reyes,29,77,194,B
plutkad01,Adam,Plutko,32,75,215,R
reedco01,Cody,Reed,30,77,230,L
bacusda01,Dakota,Bacus,32,74,212,R
mckinbi01,Billy,McKinney,29,73,205,L
stievjo01,Jonathan,Stiever,26,74,210,R
pressry01,Ryan,Pressly,35,74,206,R
outmaja01,James,Outman,26,75,215,L
brujavi01,Vidal,Brujan,25,70,180,B
abreubr01,Bryan,Abreu,26,73,225,R
arraelu01,Luis,Arraez,26,70,175,L
garnedu01,Dustin,Garneau,36,74,205,R
mejiaje02,J. C.,Mejia,27,77,240,R
hultzda01,Danny,Hultzen,34,75,210,L
gregodi01,Didi,Gregorius,33,75,205,L
alanirj01,R. J.,Alaniz,32,76,220,R
mondera02,Adalberto,Mondesi,28,73,200,B
taylojo02,Josh,Taylor,30,77,245,L
alcansa01,Sandy,Alcantara,28,77,200,R
davisno01,Noah,Davis,26,74,195,R
parrage01,Gerardo,Parra,36,71,209,L
gallegi01,Giovanny,Gallegos,32,74,215,R
millsal02,Alec,Mills,32,76,205,R
karnsna01,Nate,Karns,36,75,225,R
suareeu01,Eugenio,Suarez,32,71,213,R
huffsa01,Sam,Huff,25,77,240,R
pinama01,Manny,Pina,36,72,222,R
belljo02,Josh,Bell,31,76,261,B
henrypa01,Payton,Henry,26,74,215,R
akinke01,Keegan,Akin,28,71,235,L
freemmi01,Mike,Freeman,36,72,195,L
jacksja01,Jay,Jackson,36,73,195,R
baileho02,Homer,Bailey,37,76,223,R
duffyda01,Danny,Duffy,35,75,205,L
hallma02,Matt,Hall,30,72,200,L
velazhe01,Hector,Velazquez,35,72,218,R
mccarjo04,Joe,McCarthy,29,75,220,L
sabatcc01,CC,Sabathia,43,78,300,L
gonzaro01,Romy,Gonzalez,27,73,215,R
birdky01,Kyle,Bird,30,75,220,L
choiji01,Ji-Man,Choi,32,73,260,L
vespini01,Nick,Vespi,28,75,215,L
hartky01,Kyle,Hart,31,77,200,L
gileske01,Ken,Giles,33,75,197,R
sauceta01,Tayler,Saucedo,30,76,205,L
loaisjo01,Jonathan,Loaisiga,29,71,165,R
whitemi03,Mitch,White,29,75,210,R
kazmase01,Sean,Kazmar,39,70,185,R
sosaed01,Edmundo,Sosa,27,72,210,R
garcijo02,Jose,Barrero,25,74,175,R
wietema01,Matt,Wieters,37,77,235,B
krehbjo01,Joey,Krehbiel,31,75,240,R
dejonch01,Chase,De Jong,30,76,230,L
straida01,Dan,Straily,35,74,220,R
brossmi01,Mike,Brosseau,29,70,205,R
armstsh01,Shawn,Armstrong,33,74,225,R
tulowtr01,Troy,Tulowitzki,39,75,205,R
langesh01,Shea,Langeliers,26,72,205,R
greingr01,Grayson,Greiner,31,78,238,R
bryankr01,Kris,Bryant,31,77,230,R
kempma01,Matt,Kemp,39,76,225,R
gorete01,Terrance,Gore,32,67,160,R
rondohe01,Hector,Rondon,35,75,225,R
leedy01,Dylan,Lee,29,75,214,L
nogosst01,Stephen,Nogosek,28,73,201,R
cuevano01,Noel,Cuevas,32,74,225,R
allenni02,Nick,Allen,25,68,166,R
higgipj01,P. J.,Higgins,30,70,195,R
penafe01,Felix,Pena,33,74,220,R
mikolmi01,Miles,Mikolas,35,76,230,R
herreke01,Kelvin,Herrera,34,70,220,R
marteyu01,Yunior,Marte,28,74,180,R
anderbr04,Brett,Anderson,35,76,230,L
jayjo02,Jon,Jay,38,71,200,L
colege01,Gerrit,Cole,33,76,220,R
donaljo02,Josh,Donaldson,38,73,210,R
stewako01,Kohl,Stewart,29,75,200,R
ortegol01,Oliver,Ortega,27,72,165,R
burnsan01,Andy,Burns,33,74,190,R
heimjo01,Jonah,Heim,28,76,220,B
lugoda01,Dawel,Lugo,29,72,190,R
kuhlch01,Chad,Kuhl,31,75,205,R
nardian01,Andrew,Nardi,25,75,215,L
hudsojo03,Joe,Hudson,32,72,210,R
payamjo01,Joel,Payamps,29,74,225,R
sanchad01,Adrian,Sanchez,33,72,197,R
greenza01,Zach,Green,29,74,224,R
motteta01,Taylor,Motter,34,73,195,R
madrini01,Nick,Madrigal,26,68,175,R
rodriye01,Yerry,Rodriguez,26,74,198,R
gomesya01,Yan,Gomes,36,74,212,R
coonrsa01,Sam,Coonrod,31,73,225,R
owingch01,Chris,Owings,32,70,185,R
polanjo01,Jorge,Polanco,30,71,208,B
farmebu01,Buck,Farmer,32,76,232,L
carraca01,Carlos,Carrasco,36,76,219,R
cruzfe01,Fernando,Cruz,33,74,205,B
burdiza01,Zack,Burdi,28,75,210,R
eickhje01,Jerad,Eickhoff,33,76,246,R